architecture,patience,policy,mean_accuracy,worst_accuracy,mean_changed_accuracy,mean_log_loss,mean_brier,mean_validation_log_loss
32_16,20,fixed_1,0.837677040500954,0.7879746835443038,0.43343258758517084,0.5316469472777564,0.23801181321414414,0.26731610834752845
16,10,fixed_0.5,0.8371596925475019,0.7832278481012658,0.4141584848972584,0.47774431412838,0.23610460211577797,0.2759660562644401
16,10,fixed_0.03,0.8367532048697895,0.7610759493670886,0.3045093620902409,0.4845800665418472,0.24107775050254002,0.25194917211267237
32_16,10,fixed_1,0.836622188180279,0.7879746835443038,0.4202746928483288,0.531288446063453,0.23768681216224405,0.2683618467409485
16,10,fixed_0.01,0.8356815555376388,0.7626582278481012,0.3045093620902409,0.485076201389624,0.2424015924282469,0.25232547114634457
32_16,50,fixed_1,0.8355673358596039,0.7879746835443038,0.42758463436879657,0.5338212921541637,0.2396225342711822,0.27066657335126654
16,10,fixed_0.05,0.8340757612405602,0.7674050632911392,0.3045093620902409,0.4865434557412285,0.2446149932066971,0.24831521947188814
32_16,20,fixed_0.5,0.8339783385740009,0.7895569620253164,0.3790707655990128,0.49688597168842596,0.24178279846157036,0.26040578554027705
16,10,fixed_0.1,0.832463248138891,0.7674050632911392,0.3293631632598315,0.4838970206262843,0.24318921483499625,0.24753334805945246
16,50,fixed_0.5,0.8318854309441264,0.7737341772151899,0.3966146252481357,0.48455695310827857,0.2391919276991904,0.26395700283673
32_16,10,fixed_0.5,0.8318686339326508,0.7863924050632911,0.3672407317989162,0.4997478513112694,0.24503001623792528,0.26090322291451473
32_16,50,fixed_0.5,0.83185519632347,0.7895569620253164,0.3790707655990128,0.49812657109691866,0.2427803436989112,0.25994586678864867
16,20,fixed_0.5,0.8313580047837889,0.7737341772151899,0.39222866033585496,0.4849473407472273,0.23887827711546603,0.26582397625571774
16,10,fixed_0.2,0.8308507350372222,0.7705696202531646,0.3483690112130479,0.4995083047937312,0.2485807400679461,0.24447831460529643
16,20,fixed_0.3,0.8297522104867102,0.7753164556962026,0.40419282150329955,0.4981708049069764,0.24753217486333393,0.25856030142090086
16,50,fixed_0.3,0.8297522104867102,0.7753164556962026,0.40419282150329955,0.4981708049069764,0.24753217486333393,0.25856030142090086
16,10,fixed_1,0.8292483001424387,0.7721518987341772,0.3675089865336123,0.502724807972785,0.24637848109444246,0.26874677599120017
32_16,10,validation_compact,0.8292147061194872,0.7879746835443038,0.3746848006867321,0.4934317578620025,0.24603746099784365,0.254554525225752
32_16,10,fixed_0.3,0.8292147061194872,0.7879746835443038,0.3746848006867321,0.4934317578620025,0.24603746099784365,0.254554525225752
32_16,20,validation_compact,0.8292147061194872,0.7879746835443038,0.3659128708621708,0.4950109274039634,0.24739690640573075,0.252444581875563
32_16,20,fixed_0.3,0.8292147061194872,0.7879746835443038,0.3659128708621708,0.4950109274039634,0.24739690640573075,0.252444581875563
32_16,50,fixed_0.3,0.8292147061194872,0.7879746835443038,0.3659128708621708,0.4950109274039634,0.24739690640573075,0.252444581875563
16,10,fixed_0.3,0.8281699320056976,0.7705696202531646,0.3980766135522292,0.4926146713904777,0.24755921468805575,0.2585864388021866
16,20,fixed_1,0.8265943723292751,0.7721518987341772,0.35873705670905087,0.5153674613402321,0.2546575392212586,0.26661713759502365
16,50,fixed_1,0.8265943723292751,0.7721518987341772,0.35873705670905087,0.5153674613402321,0.2546575392212586,0.26661713759502365
32_16,20,validation_all_rates,0.826029992743691,0.7879746835443038,0.3659128708621708,0.5014328589903365,0.2517377797216428,0.2523115000797092
32_16,20,validation_midrange,0.826029992743691,0.7879746835443038,0.3659128708621708,0.5014328589903365,0.2517377797216428,0.2523115000797092
32_16,50,validation_all_rates,0.826029992743691,0.7879746835443038,0.3659128708621708,0.5014328589903365,0.2517377797216428,0.2523115000797092
32_16,50,validation_midrange,0.826029992743691,0.7879746835443038,0.3659128708621708,0.5014328589903365,0.2517377797216428,0.2523115000797092
32_16,50,validation_compact,0.826029992743691,0.7879746835443038,0.371760824078545,0.5071233691806608,0.2550101386831592,0.2524431687687017
16,50,fixed_0.2,0.8255395200086001,0.7721518987341772,0.3483690112130479,0.5049057654135759,0.25148480372797927,0.24420521127105774
16,20,fixed_0.2,0.8255395200086001,0.7721518987341772,0.3483690112130479,0.5055102592253321,0.25262927109961625,0.24443338200665066
32_16,10,validation_all_rates,0.8255025665833534,0.7863924050632911,0.37162669671119697,0.5098064285564735,0.25151088561640694,0.2543442938766633
32_16,10,validation_midrange,0.8255025665833534,0.7863924050632911,0.37162669671119697,0.5098064285564735,0.25151088561640694,0.2543442938766633
32_16,selected,validation_rate_and_patience,0.8255025665833534,0.7863924050632911,0.36285476688663554,0.5113855980984343,0.25287033102429396,0.25223435052647436
16,50,fixed_0.1,0.8244880270902201,0.7737341772151899,0.33826922045174096,0.5054167019032468,0.25294899628482914,0.24407524565391805
32_16,20,fixed_0.2,0.8244477142626784,0.7882165605095541,0.3352111164762058,0.4975600025401456,0.25688354124372775,0.25556941434775365
32_16,50,fixed_0.2,0.8244477142626784,0.7882165605095541,0.3352111164762058,0.4975600025401456,0.25688354124372775,0.25556941434775365
16,20,fixed_0.1,0.8239606009298827,0.7721518987341772,0.3352111164762058,0.5028759732882383,0.2537446149365299,0.2447411074778499
16,20,validation_midrange,0.8239572415275874,0.7737341772151899,0.3352111164762058,0.511532827066678,0.25479389166702165,0.2412513207179449
16,50,validation_midrange,0.8239572415275874,0.7737341772151899,0.3352111164762058,0.511532827066678,0.25479389166702165,0.2412513207179449
16,20,fixed_0.03,0.8234701281947916,0.7674050632911392,0.32205322173936374,0.5036943283895524,0.2545399330994212,0.24761151089706288
16,20,validation_compact,0.8234230965626596,0.7753164556962026,0.34717527764365036,0.516949350209312,0.2590613794573952,0.24162506371390216
16,50,validation_compact,0.8234230965626596,0.7753164556962026,0.34717527764365036,0.516949350209312,0.2590613794573952,0.24162506371390216
32_16,10,fixed_0.2,0.8223380096213281,0.7882165605095541,0.3352111164762058,0.4980511640354455,0.25852452161536604,0.25568604139921514
16,10,validation_midrange,0.8218408180816469,0.7705696202531646,0.3410590696925801,0.5113932166928132,0.259088419282117,0.241651201095188
16,10,validation_compact,0.8218408180816469,0.7705696202531646,0.3410590696925801,0.5113932166928132,0.259088419282117,0.241651201095188
16,20,fixed_0.01,0.8213469859442609,0.7642405063291139,0.32205322173936374,0.5079578677583331,0.257555068549356,0.24853238892548055
16,20,fixed_0.05,0.8208061221747428,0.7674050632911392,0.32205322173936374,0.5134567527555175,0.2599933608317596,0.2460113865839633
16,20,validation_all_rates,0.8207926845655621,0.7737341772151899,0.32205322173936374,0.517184874872381,0.25823789503517863,0.24094848680550116
16,50,validation_all_rates,0.8207926845655621,0.7737341772151899,0.32205322173936374,0.517184874872381,0.25823789503517863,0.24094848680550116
16,selected,validation_rate_and_patience,0.8207926845655621,0.7737341772151899,0.32205322173936374,0.517184874872381,0.25823789503517863,0.24094848680550116
16,50,fixed_0.05,0.8202686178075197,0.7705696202531646,0.32205322173936374,0.5158656895926474,0.2601713740252677,0.24546686429344397
16,50,fixed_0.01,0.8197479104517725,0.7674050632911392,0.32205322173936374,0.5145980799486406,0.26109349725144404,0.24756701154971658
16,50,fixed_0.03,0.8186930581310973,0.7674050632911392,0.32205322173936374,0.5174843277925755,0.2628488963416562,0.24678262822292965
16,10,validation_all_rates,0.8186762611196216,0.7705696202531646,0.32790117495573795,0.5170452644985163,0.26253242265027393,0.24134836718274422
32_16,10,fixed_0.01,0.8150413878362762,0.7800632911392406,0.3204571060679221,0.48143985512727916,0.2459612115282603,0.27424994880892745
32_16,10,fixed_0.05,0.8149977156064393,0.7832278481012658,0.3232469553087612,0.48309781922871636,0.2497770670967184,0.26360231663077355
32_16,20,fixed_0.05,0.8128745733559085,0.7832278481012658,0.3290949085251355,0.49299046243155215,0.256886214436927,0.2624424184274292
32_16,10,fixed_0.1,0.8123169125749147,0.7882165605095541,0.34438542840281133,0.4955133027864827,0.2582654378849236,0.25737774067452523
32_16,20,fixed_0.1,0.8123169125749147,0.7882165605095541,0.34438542840281133,0.4984678863936118,0.2603753026195435,0.2573683702757152
32_16,50,fixed_0.1,0.8123169125749147,0.7882165605095541,0.35023338161918555,0.5073780886296093,0.2645355264356135,0.25724141375643184
32_16,50,fixed_0.05,0.8118130022306431,0.7832278481012658,0.3290949085251355,0.4962156834784355,0.2588594554645472,0.26239434881750695
32_16,50,fixed_0.03,0.8102340831519257,0.7943037974683544,0.34544503460486076,0.5007471792169922,0.260019349618465,0.26445091926836417
32_16,20,fixed_0.01,0.8097167351984735,0.7863924050632911,0.3350769891088578,0.48901466080464645,0.2530776815668084,0.26947657027869165
32_16,10,fixed_0.03,0.8086652422800936,0.7832278481012658,0.3276329202210419,0.4860168017860578,0.25140749445706917,0.2667234757780589
32_16,50,fixed_0.01,0.8086518046709129,0.7879746835443038,0.3467728955416063,0.5001537145137435,0.2599068876009981,0.26860952210572425
32_16,20,fixed_0.03,0.8086417264640277,0.7943037974683544,0.33959708138848654,0.4974576656052414,0.2585175815477241,0.2645830128021216
