stage,train_through,validation_year,evaluation_year,architecture,learning_rate,patience,seeds,validation_accuracy,validation_changed_seat_accuracy,validation_changed_seats,validation_log_loss,validation_brier_score,validation_rows,validation_unseen_winners,evaluation_accuracy,evaluation_changed_seat_accuracy,evaluation_changed_seats,evaluation_log_loss,evaluation_brier_score,evaluation_rows,evaluation_unseen_winners,policy
confirmation,2015,2017,2019,32_16,0.3,10,10,0.8908227848101266,0.08955223880597014,67,0.3209020481186679,0.16874147791190608,632,0,0.9018987341772152,0.3815789473684211,76,0.23896632719084376,0.13841260843082032,632,0,validation_all_rates
confirmation,2015,2017,2019,32_16,0.3,10,10,0.8908227848101266,0.08955223880597014,67,0.3209020481186679,0.16874147791190608,632,0,0.9018987341772152,0.3815789473684211,76,0.23896632719084376,0.13841260843082032,632,0,validation_midrange
confirmation,2015,2017,2019,32_16,0.3,10,10,0.8908227848101266,0.08955223880597014,67,0.3209020481186679,0.16874147791190608,632,0,0.9018987341772152,0.3815789473684211,76,0.23896632719084376,0.13841260843082032,632,0,validation_compact
confirmation,2015,2017,2019,32_16,0.01,10,10,0.8623417721518988,0.31343283582089554,67,0.35072192413434156,0.18557251801952035,632,0,0.8354430379746836,0.2631578947368421,76,0.3486018682210625,0.19443486446305883,632,0,fixed_0.01
confirmation,2015,2017,2019,32_16,0.03,10,10,0.8639240506329114,0.26865671641791045,67,0.3407233501201576,0.18041511852274378,632,0,0.8354430379746836,0.27631578947368424,76,0.3302618235034139,0.18656904235523497,632,0,fixed_0.03
confirmation,2015,2017,2019,32_16,0.05,10,10,0.8924050632911392,0.11940298507462686,67,0.33568594355148396,0.17602895468626586,632,0,0.8528481012658228,0.2631578947368421,76,0.31281194571560567,0.1789833431906273,632,0,fixed_0.05
confirmation,2015,2017,2019,32_16,0.1,10,10,0.8924050632911392,0.11940298507462686,67,0.32597562929518165,0.17209584562303187,632,0,0.8512658227848101,0.2631578947368421,76,0.31628745440600986,0.18342820539982924,632,0,fixed_0.1
confirmation,2015,2017,2019,32_16,0.2,10,10,0.8955696202531646,0.08955223880597014,67,0.3213437819372928,0.16886937922592996,632,0,0.8876582278481012,0.2631578947368421,76,0.28558403900579266,0.16773109399495326,632,0,fixed_0.2
confirmation,2015,2017,2019,32_16,0.3,10,10,0.8908227848101266,0.08955223880597014,67,0.3209020481186679,0.16874147791190608,632,0,0.9018987341772152,0.3815789473684211,76,0.23896632719084376,0.13841260843082032,632,0,fixed_0.3
confirmation,2015,2017,2019,32_16,0.5,10,10,0.8924050632911392,0.08955223880597014,67,0.33571393611965944,0.17122063763290674,632,0,0.9034810126582279,0.3684210526315789,76,0.2307730683067484,0.1364184370628223,632,0,fixed_0.5
confirmation,2015,2017,2019,32_16,1.0,10,10,0.8908227848101266,0.08955223880597014,67,0.3441038831383784,0.1808463894716799,632,0,0.9129746835443038,0.5,76,0.20321392787020548,0.1157444861487272,632,0,fixed_1
confirmation,2015,2017,2019,32_16,0.3,20,10,0.8924050632911392,0.08955223880597014,67,0.314572218068101,0.16584528409577287,632,0,0.9018987341772152,0.35526315789473684,76,0.24370383581672622,0.14249094465448156,632,0,validation_all_rates
confirmation,2015,2017,2019,32_16,0.3,20,10,0.8924050632911392,0.08955223880597014,67,0.314572218068101,0.16584528409577287,632,0,0.9018987341772152,0.35526315789473684,76,0.24370383581672622,0.14249094465448156,632,0,validation_midrange
confirmation,2015,2017,2019,32_16,0.3,20,10,0.8924050632911392,0.08955223880597014,67,0.314572218068101,0.16584528409577287,632,0,0.9018987341772152,0.35526315789473684,76,0.24370383581672622,0.14249094465448156,632,0,validation_compact
confirmation,2015,2017,2019,32_16,0.01,20,10,0.8623417721518988,0.2835820895522388,67,0.34842902236162443,0.18363085329531018,632,0,0.8370253164556962,0.2894736842105263,76,0.33576628915593043,0.1884435097421804,632,0,fixed_0.01
confirmation,2015,2017,2019,32_16,0.03,20,10,0.8639240506329114,0.26865671641791045,67,0.3407233501201576,0.18041511852274378,632,0,0.8354430379746836,0.27631578947368424,76,0.3302618235034139,0.18656904235523497,632,0,fixed_0.03
confirmation,2015,2017,2019,32_16,0.05,20,10,0.8924050632911392,0.11940298507462686,67,0.33568594355148396,0.17602895468626586,632,0,0.8528481012658228,0.2631578947368421,76,0.31281194571560567,0.1789833431906273,632,0,fixed_0.05
confirmation,2015,2017,2019,32_16,0.1,20,10,0.8924050632911392,0.11940298507462686,67,0.32597562929518165,0.17209584562303187,632,0,0.8512658227848101,0.2631578947368421,76,0.31628745440600986,0.18342820539982924,632,0,fixed_0.1
confirmation,2015,2017,2019,32_16,0.2,20,10,0.8955696202531646,0.08955223880597014,67,0.3213437819372928,0.16886937922592996,632,0,0.8876582278481012,0.2631578947368421,76,0.28558403900579266,0.16773109399495326,632,0,fixed_0.2
confirmation,2015,2017,2019,32_16,0.3,20,10,0.8924050632911392,0.08955223880597014,67,0.314572218068101,0.16584528409577287,632,0,0.9018987341772152,0.35526315789473684,76,0.24370383581672622,0.14249094465448156,632,0,fixed_0.3
confirmation,2015,2017,2019,32_16,0.5,20,10,0.8924050632911392,0.08955223880597014,67,0.332768090598661,0.16978955665646758,632,0,0.9066455696202531,0.39473684210526316,76,0.22287723812943855,0.13092862459458668,632,0,fixed_0.5
confirmation,2015,2017,2019,32_16,1.0,20,10,0.8908227848101266,0.08955223880597014,67,0.3409666679581182,0.18081492444476638,632,0,0.9161392405063291,0.5394736842105263,76,0.2042894315131156,0.11671948930442756,632,0,fixed_1
confirmation,2015,2017,2019,32_16,0.3,50,10,0.8924050632911392,0.08955223880597014,67,0.314572218068101,0.16584528409577287,632,0,0.9018987341772152,0.35526315789473684,76,0.24370383581672622,0.14249094465448156,632,0,validation_all_rates
confirmation,2015,2017,2019,32_16,0.3,50,10,0.8924050632911392,0.08955223880597014,67,0.314572218068101,0.16584528409577287,632,0,0.9018987341772152,0.35526315789473684,76,0.24370383581672622,0.14249094465448156,632,0,validation_midrange
confirmation,2015,2017,2019,32_16,0.3,50,10,0.8924050632911392,0.08955223880597014,67,0.314572218068101,0.16584528409577287,632,0,0.9018987341772152,0.35526315789473684,76,0.24370383581672622,0.14249094465448156,632,0,validation_compact
confirmation,2015,2017,2019,32_16,0.01,50,10,0.8623417721518988,0.2835820895522388,67,0.34842902236162443,0.18363085329531018,632,0,0.8370253164556962,0.2894736842105263,76,0.33576628915593043,0.1884435097421804,632,0,fixed_0.01
confirmation,2015,2017,2019,32_16,0.03,50,10,0.8639240506329114,0.26865671641791045,67,0.3407233501201576,0.18041511852274378,632,0,0.8354430379746836,0.27631578947368424,76,0.3302618235034139,0.18656904235523497,632,0,fixed_0.03
confirmation,2015,2017,2019,32_16,0.05,50,10,0.8924050632911392,0.11940298507462686,67,0.33568594355148396,0.17602895468626586,632,0,0.8528481012658228,0.2631578947368421,76,0.31281194571560567,0.1789833431906273,632,0,fixed_0.05
confirmation,2015,2017,2019,32_16,0.1,50,10,0.8924050632911392,0.11940298507462686,67,0.32597562929518165,0.17209584562303187,632,0,0.8512658227848101,0.2631578947368421,76,0.31628745440600986,0.18342820539982924,632,0,fixed_0.1
confirmation,2015,2017,2019,32_16,0.2,50,10,0.8955696202531646,0.08955223880597014,67,0.3213437819372928,0.16886937922592996,632,0,0.8876582278481012,0.2631578947368421,76,0.28558403900579266,0.16773109399495326,632,0,fixed_0.2
confirmation,2015,2017,2019,32_16,0.3,50,10,0.8924050632911392,0.08955223880597014,67,0.314572218068101,0.16584528409577287,632,0,0.9018987341772152,0.35526315789473684,76,0.24370383581672622,0.14249094465448156,632,0,fixed_0.3
confirmation,2015,2017,2019,32_16,0.5,50,10,0.8924050632911392,0.08955223880597014,67,0.332768090598661,0.16978955665646758,632,0,0.9066455696202531,0.39473684210526316,76,0.22287723812943855,0.13092862459458668,632,0,fixed_0.5
confirmation,2015,2017,2019,32_16,1.0,50,10,0.8924050632911392,0.08955223880597014,67,0.35683806358300674,0.18633662217854097,632,0,0.9098101265822784,0.5394736842105263,76,0.20910368326256806,0.1204967993026039,632,0,fixed_1
confirmation,2015,2017,2019,16,0.05,10,10,0.8955696202531646,0.08955223880597014,67,0.30011909142746773,0.16065883555870347,632,0,0.8829113924050633,0.2236842105263158,76,0.29604432046793605,0.17146068793393215,632,0,validation_all_rates
confirmation,2015,2017,2019,16,0.1,10,10,0.8955696202531646,0.08955223880597014,67,0.30102759316479905,0.16067163676791862,632,0,0.8924050632911392,0.2631578947368421,76,0.279088177050827,0.16112867782946144,632,0,validation_midrange
confirmation,2015,2017,2019,16,0.1,10,10,0.8955696202531646,0.08955223880597014,67,0.30102759316479905,0.16067163676791862,632,0,0.8924050632911392,0.2631578947368421,76,0.279088177050827,0.16112867782946144,632,0,validation_compact
confirmation,2015,2017,2019,16,0.01,10,10,0.8955696202531646,0.08955223880597014,67,0.30175786805305954,0.16144757920796746,632,0,0.8813291139240507,0.2236842105263158,76,0.29760072671599985,0.17206267262935424,632,0,fixed_0.01
confirmation,2015,2017,2019,16,0.03,10,10,0.8955696202531646,0.08955223880597014,67,0.30125574580744124,0.16123137786790628,632,0,0.8781645569620253,0.2236842105263158,76,0.30149273077669664,0.17448851513849117,632,0,fixed_0.03
confirmation,2015,2017,2019,16,0.05,10,10,0.8955696202531646,0.08955223880597014,67,0.30011909142746773,0.16065883555870347,632,0,0.8829113924050633,0.2236842105263158,76,0.29604432046793605,0.17146068793393215,632,0,fixed_0.05
confirmation,2015,2017,2019,16,0.1,10,10,0.8955696202531646,0.08955223880597014,67,0.30102759316479905,0.16067163676791862,632,0,0.8924050632911392,0.2631578947368421,76,0.279088177050827,0.16112867782946144,632,0,fixed_0.1
confirmation,2015,2017,2019,16,0.2,10,10,0.8971518987341772,0.08955223880597014,67,0.30804201987499363,0.16547438567034015,632,0,0.8987341772151899,0.3026315789473684,76,0.259451156794391,0.149962982770224,632,0,fixed_0.2
confirmation,2015,2017,2019,16,0.3,10,10,0.8924050632911392,0.08955223880597014,67,0.351833306285795,0.18328337213576967,632,0,0.9113924050632911,0.4342105263157895,76,0.22275254114382054,0.12654106404727758,632,0,fixed_0.3
confirmation,2015,2017,2019,16,0.5,10,10,0.8892405063291139,0.08955223880597014,67,0.40092758165645387,0.19143030001927464,632,0,0.9145569620253164,0.5,76,0.20376371912455385,0.1169119024998346,632,0,fixed_0.5
confirmation,2015,2017,2019,16,1.0,10,10,0.8939873417721519,0.1044776119402985,67,0.37132101884563007,0.1757255134176845,632,0,0.9018987341772152,0.3684210526315789,76,0.23277272826922504,0.13571710649539023,632,0,fixed_1
confirmation,2015,2017,2019,16,0.05,20,10,0.8955696202531646,0.08955223880597014,67,0.30011909142746773,0.16065883555870347,632,0,0.8829113924050633,0.2236842105263158,76,0.29604432046793605,0.17146068793393215,632,0,validation_all_rates
confirmation,2015,2017,2019,16,0.1,20,10,0.8955696202531646,0.08955223880597014,67,0.30102759316479905,0.16067163676791862,632,0,0.8924050632911392,0.2631578947368421,76,0.279088177050827,0.16112867782946144,632,0,validation_midrange
confirmation,2015,2017,2019,16,0.1,20,10,0.8955696202531646,0.08955223880597014,67,0.30102759316479905,0.16067163676791862,632,0,0.8924050632911392,0.2631578947368421,76,0.279088177050827,0.16112867782946144,632,0,validation_compact
confirmation,2015,2017,2019,16,0.01,20,10,0.8955696202531646,0.08955223880597014,67,0.30175786805305954,0.16144757920796746,632,0,0.8813291139240507,0.2236842105263158,76,0.29760072671599985,0.17206267262935424,632,0,fixed_0.01
confirmation,2015,2017,2019,16,0.03,20,10,0.8955696202531646,0.08955223880597014,67,0.30125574580744124,0.16123137786790628,632,0,0.8781645569620253,0.2236842105263158,76,0.30149273077669664,0.17448851513849117,632,0,fixed_0.03
confirmation,2015,2017,2019,16,0.05,20,10,0.8955696202531646,0.08955223880597014,67,0.30011909142746773,0.16065883555870347,632,0,0.8829113924050633,0.2236842105263158,76,0.29604432046793605,0.17146068793393215,632,0,fixed_0.05
confirmation,2015,2017,2019,16,0.1,20,10,0.8955696202531646,0.08955223880597014,67,0.30102759316479905,0.16067163676791862,632,0,0.8924050632911392,0.2631578947368421,76,0.279088177050827,0.16112867782946144,632,0,fixed_0.1
confirmation,2015,2017,2019,16,0.2,20,10,0.8971518987341772,0.08955223880597014,67,0.30804201987499363,0.16547438567034015,632,0,0.8987341772151899,0.3026315789473684,76,0.259451156794391,0.149962982770224,632,0,fixed_0.2
confirmation,2015,2017,2019,16,0.3,20,10,0.8924050632911392,0.08955223880597014,67,0.351833306285795,0.18328337213576967,632,0,0.9113924050632911,0.4342105263157895,76,0.22275254114382054,0.12654106404727758,632,0,fixed_0.3
confirmation,2015,2017,2019,16,0.5,20,10,0.8908227848101266,0.08955223880597014,67,0.37112078661999837,0.17980249436952514,632,0,0.9066455696202531,0.4342105263157895,76,0.2109516759468141,0.12338232088535099,632,0,fixed_0.5
confirmation,2015,2017,2019,16,1.0,20,10,0.8971518987341772,0.1791044776119403,67,0.3648129332114557,0.1719472726996343,632,0,0.9018987341772152,0.34210526315789475,76,0.24396840358835115,0.14316701590332095,632,0,fixed_1
confirmation,2015,2017,2019,16,0.05,50,10,0.8955696202531646,0.08955223880597014,67,0.30011909142746773,0.16065883555870347,632,0,0.8829113924050633,0.2236842105263158,76,0.29604432046793605,0.17146068793393215,632,0,validation_all_rates
confirmation,2015,2017,2019,16,0.1,50,10,0.8955696202531646,0.08955223880597014,67,0.30102759316479905,0.16067163676791862,632,0,0.8924050632911392,0.2631578947368421,76,0.279088177050827,0.16112867782946144,632,0,validation_midrange
confirmation,2015,2017,2019,16,0.1,50,10,0.8955696202531646,0.08955223880597014,67,0.30102759316479905,0.16067163676791862,632,0,0.8924050632911392,0.2631578947368421,76,0.279088177050827,0.16112867782946144,632,0,validation_compact
confirmation,2015,2017,2019,16,0.01,50,10,0.8955696202531646,0.08955223880597014,67,0.30175786805305954,0.16144757920796746,632,0,0.8813291139240507,0.2236842105263158,76,0.29760072671599985,0.17206267262935424,632,0,fixed_0.01
confirmation,2015,2017,2019,16,0.03,50,10,0.8955696202531646,0.08955223880597014,67,0.30125574580744124,0.16123137786790628,632,0,0.8781645569620253,0.2236842105263158,76,0.30149273077669664,0.17448851513849117,632,0,fixed_0.03
confirmation,2015,2017,2019,16,0.05,50,10,0.8955696202531646,0.08955223880597014,67,0.30011909142746773,0.16065883555870347,632,0,0.8829113924050633,0.2236842105263158,76,0.29604432046793605,0.17146068793393215,632,0,fixed_0.05
confirmation,2015,2017,2019,16,0.1,50,10,0.8955696202531646,0.08955223880597014,67,0.30102759316479905,0.16067163676791862,632,0,0.8924050632911392,0.2631578947368421,76,0.279088177050827,0.16112867782946144,632,0,fixed_0.1
confirmation,2015,2017,2019,16,0.2,50,10,0.8971518987341772,0.08955223880597014,67,0.30804201987499363,0.16547438567034015,632,0,0.8987341772151899,0.3026315789473684,76,0.259451156794391,0.149962982770224,632,0,fixed_0.2
confirmation,2015,2017,2019,16,0.3,50,10,0.8924050632911392,0.08955223880597014,67,0.351833306285795,0.18328337213576967,632,0,0.9113924050632911,0.4342105263157895,76,0.22275254114382054,0.12654106404727758,632,0,fixed_0.3
confirmation,2015,2017,2019,16,0.5,50,10,0.8924050632911392,0.1044776119402985,67,0.3655198663630353,0.17856627178029946,632,0,0.9082278481012658,0.4473684210526316,76,0.20978051302996803,0.12432327263652417,632,0,fixed_0.5
confirmation,2015,2017,2019,16,1.0,50,10,0.8971518987341772,0.1791044776119403,67,0.3648129332114557,0.1719472726996343,632,0,0.9018987341772152,0.34210526315789475,76,0.24396840358835115,0.14316701590332095,632,0,fixed_1
confirmation,2005,2010,2015,32_16,0.5,10,10,0.9066455696202531,0.6339285714285714,112,0.2651339612177171,0.1378832050477937,632,0,0.7863924050632911,0.11926605504587157,109,0.8195778783730837,0.33633604653419746,632,0,validation_all_rates
confirmation,2005,2010,2015,32_16,0.5,10,10,0.9066455696202531,0.6339285714285714,112,0.2651339612177171,0.1378832050477937,632,0,0.7863924050632911,0.11926605504587157,109,0.8195778783730837,0.33633604653419746,632,0,validation_midrange
confirmation,2005,2010,2015,32_16,0.3,10,10,0.9098101265822784,0.6785714285714286,112,0.26536540987742163,0.1372650100054968,632,0,0.7879746835443038,0.12844036697247707,109,0.7897196610487903,0.33293839262624386,632,0,validation_compact
confirmation,2005,2010,2015,32_16,0.01,10,10,0.8987341772151899,0.7053571428571429,112,0.27554122715631496,0.1426216893707088,632,0,0.7800632911392406,0.11926605504587157,109,0.7273827806665225,0.33781090420095433,632,0,fixed_0.01
confirmation,2005,2010,2015,32_16,0.03,10,10,0.9018987341772152,0.7053571428571429,112,0.2721549214738021,0.14110040141007757,632,0,0.7832278481012658,0.11009174311926606,109,0.7237621358225211,0.3312278998593084,632,0,fixed_0.03
confirmation,2005,2010,2015,32_16,0.05,10,10,0.9082278481012658,0.7053571428571429,112,0.27060999644028516,0.14079106303939384,632,0,0.7832278481012658,0.11009174311926606,109,0.731068364706501,0.3338121885025578,632,0,fixed_0.05
confirmation,2005,2010,2015,32_16,0.1,10,10,0.8987341772151899,0.6696428571428571,112,0.2683567336135313,0.14012174706425629,632,0,0.7974683544303798,0.1559633027522936,109,0.7179002008063523,0.3205772951382592,632,0,fixed_0.1
confirmation,2005,2010,2015,32_16,0.2,10,10,0.9034810126582279,0.6696428571428571,112,0.2687174699667476,0.13909268481535123,632,0,0.7911392405063291,0.12844036697247707,109,0.7376943729950511,0.328058468966942,632,0,fixed_0.2
confirmation,2005,2010,2015,32_16,0.3,10,10,0.9098101265822784,0.6785714285714286,112,0.26536540987742163,0.1372650100054968,632,0,0.7879746835443038,0.12844036697247707,109,0.7897196610487903,0.33293839262624386,632,0,fixed_0.3
confirmation,2005,2010,2015,32_16,0.5,10,10,0.9066455696202531,0.6339285714285714,112,0.2651339612177171,0.1378832050477937,632,0,0.7863924050632911,0.11926605504587157,109,0.8195778783730837,0.33633604653419746,632,0,fixed_0.5
confirmation,2005,2010,2015,32_16,1.0,10,10,0.9050632911392406,0.6785714285714286,112,0.2699576790511976,0.1398903167305011,632,0,0.7879746835443038,0.14678899082568808,109,0.942143220145645,0.3376843357306217,632,0,fixed_1
confirmation,2005,2010,2015,32_16,0.3,20,10,0.9098101265822784,0.6785714285714286,112,0.26536540987742163,0.1372650100054968,632,0,0.7879746835443038,0.12844036697247707,109,0.7897196610487903,0.33293839262624386,632,0,validation_all_rates
confirmation,2005,2010,2015,32_16,0.3,20,10,0.9098101265822784,0.6785714285714286,112,0.26536540987742163,0.1372650100054968,632,0,0.7879746835443038,0.12844036697247707,109,0.7897196610487903,0.33293839262624386,632,0,validation_midrange
confirmation,2005,2010,2015,32_16,0.3,20,10,0.9098101265822784,0.6785714285714286,112,0.26536540987742163,0.1372650100054968,632,0,0.7879746835443038,0.12844036697247707,109,0.7897196610487903,0.33293839262624386,632,0,validation_compact
confirmation,2005,2010,2015,32_16,0.01,20,10,0.8987341772151899,0.7053571428571429,112,0.2735931895943349,0.14204748368212355,632,0,0.7863924050632911,0.11926605504587157,109,0.7199167423228254,0.3290187514329949,632,0,fixed_0.01
confirmation,2005,2010,2015,32_16,0.03,20,10,0.9034810126582279,0.6875,112,0.2721035154217452,0.14176926606779475,632,0,0.7943037974683544,0.12844036697247707,109,0.7140645822043088,0.3224599512348856,632,0,fixed_0.03
confirmation,2005,2010,2015,32_16,0.05,20,10,0.9082278481012658,0.7053571428571429,112,0.27060999644028516,0.14079106303939384,632,0,0.7832278481012658,0.11009174311926606,109,0.731068364706501,0.3338121885025578,632,0,fixed_0.05
confirmation,2005,2010,2015,32_16,0.1,20,10,0.8987341772151899,0.6696428571428571,112,0.2683567336135313,0.14012174706425629,632,0,0.7974683544303798,0.1559633027522936,109,0.7179002008063523,0.3205772951382592,632,0,fixed_0.1
confirmation,2005,2010,2015,32_16,0.2,20,10,0.9050632911392406,0.6696428571428571,112,0.2683675888123633,0.13892815263634148,632,0,0.7974683544303798,0.12844036697247707,109,0.7362208885091512,0.3231355278520269,632,0,fixed_0.2
confirmation,2005,2010,2015,32_16,0.3,20,10,0.9098101265822784,0.6785714285714286,112,0.26536540987742163,0.1372650100054968,632,0,0.7879746835443038,0.12844036697247707,109,0.7897196610487903,0.33293839262624386,632,0,fixed_0.3
confirmation,2005,2010,2015,32_16,0.5,20,10,0.9066455696202531,0.6160714285714286,112,0.2665874946160025,0.13895943488828544,632,0,0.7895569620253164,0.12844036697247707,109,0.8188880696818631,0.3320842056733683,632,0,fixed_0.5
confirmation,2005,2010,2015,32_16,1.0,20,10,0.9050632911392406,0.6785714285714286,112,0.2699576790511976,0.1398903167305011,632,0,0.7879746835443038,0.14678899082568808,109,0.942143220145645,0.3376843357306217,632,0,fixed_1
confirmation,2005,2010,2015,32_16,0.3,50,10,0.9098101265822784,0.6785714285714286,112,0.26536540987742163,0.1372650100054968,632,0,0.7879746835443038,0.12844036697247707,109,0.7897196610487903,0.33293839262624386,632,0,validation_all_rates
confirmation,2005,2010,2015,32_16,0.3,50,10,0.9098101265822784,0.6785714285714286,112,0.26536540987742163,0.1372650100054968,632,0,0.7879746835443038,0.12844036697247707,109,0.7897196610487903,0.33293839262624386,632,0,validation_midrange
confirmation,2005,2010,2015,32_16,0.3,50,10,0.9098101265822784,0.6785714285714286,112,0.26536540987742163,0.1372650100054968,632,0,0.7879746835443038,0.12844036697247707,109,0.7897196610487903,0.33293839262624386,632,0,validation_compact
confirmation,2005,2010,2015,32_16,0.01,50,10,0.9034810126582279,0.7053571428571429,112,0.27343694844464056,0.1422658751589393,632,0,0.7879746835443038,0.11926605504587157,109,0.7174197343554387,0.3263063465324391,632,0,fixed_0.01
confirmation,2005,2010,2015,32_16,0.03,50,10,0.9034810126582279,0.6875,112,0.2721035154217452,0.14176926606779475,632,0,0.7943037974683544,0.12844036697247707,109,0.7140645822043088,0.3224599512348856,632,0,fixed_0.03
confirmation,2005,2010,2015,32_16,0.05,50,10,0.9082278481012658,0.7053571428571429,112,0.27060999644028516,0.14079106303939384,632,0,0.7832278481012658,0.11009174311926606,109,0.731068364706501,0.3338121885025578,632,0,fixed_0.05
confirmation,2005,2010,2015,32_16,0.1,50,10,0.8987341772151899,0.6696428571428571,112,0.2683567336135313,0.14012174706425629,632,0,0.7974683544303798,0.1559633027522936,109,0.7179002008063523,0.3205772951382592,632,0,fixed_0.1
confirmation,2005,2010,2015,32_16,0.2,50,10,0.9050632911392406,0.6696428571428571,112,0.2683675888123633,0.13892815263634148,632,0,0.7974683544303798,0.12844036697247707,109,0.7362208885091512,0.3231355278520269,632,0,fixed_0.2
confirmation,2005,2010,2015,32_16,0.3,50,10,0.9098101265822784,0.6785714285714286,112,0.26536540987742163,0.1372650100054968,632,0,0.7879746835443038,0.12844036697247707,109,0.7897196610487903,0.33293839262624386,632,0,fixed_0.3
confirmation,2005,2010,2015,32_16,0.5,50,10,0.9066455696202531,0.6160714285714286,112,0.2665874946160025,0.13895943488828544,632,0,0.7895569620253164,0.12844036697247707,109,0.8188880696818631,0.3320842056733683,632,0,fixed_0.5
confirmation,2005,2010,2015,32_16,1.0,50,10,0.9050632911392406,0.6785714285714286,112,0.2699576790511976,0.1398903167305011,632,0,0.7879746835443038,0.14678899082568808,109,0.942143220145645,0.3376843357306217,632,0,fixed_1
confirmation,2005,2010,2015,16,0.3,10,10,0.8987341772151899,0.6607142857142857,112,0.268227916714579,0.1408725618656039,632,0,0.7705696202531646,0.12844036697247707,109,0.8115249988641952,0.35452258222672506,632,0,validation_all_rates
confirmation,2005,2010,2015,16,0.3,10,10,0.8987341772151899,0.6607142857142857,112,0.268227916714579,0.1408725618656039,632,0,0.7705696202531646,0.12844036697247707,109,0.8115249988641952,0.35452258222672506,632,0,validation_midrange
confirmation,2005,2010,2015,16,0.3,10,10,0.8987341772151899,0.6607142857142857,112,0.268227916714579,0.1408725618656039,632,0,0.7705696202531646,0.12844036697247707,109,0.8115249988641952,0.35452258222672506,632,0,validation_compact
confirmation,2005,2010,2015,16,0.01,10,10,0.9003164556962026,0.75,112,0.2883155188339713,0.1524742823167064,632,0,0.7626582278481012,0.12844036697247707,109,0.8141641554769637,0.36649348362904105,632,0,fixed_0.01
confirmation,2005,2010,2015,16,0.03,10,10,0.8987341772151899,0.7410714285714286,112,0.2847084837656796,0.15058767064541378,632,0,0.7610759493670886,0.12844036697247707,109,0.8222591993617099,0.3703219662437704,632,0,fixed_0.03
confirmation,2005,2010,2015,16,0.05,10,10,0.8987341772151899,0.7321428571428571,112,0.2808860822929511,0.147905409048167,632,0,0.7674050632911392,0.12844036697247707,109,0.8141362037096218,0.36744414236230183,632,0,fixed_0.05
confirmation,2005,2010,2015,16,0.1,10,10,0.9003164556962026,0.7321428571428571,112,0.27969572592459496,0.1471871550399581,632,0,0.7674050632911392,0.12844036697247707,109,0.8108967517204331,0.3649857234198479,632,0,fixed_0.1
confirmation,2005,2010,2015,16,0.2,10,10,0.8987341772151899,0.6875,112,0.2694915609499049,0.14210993488447937,632,0,0.7705696202531646,0.12844036697247707,109,0.8307188831670469,0.3574885609786949,632,0,fixed_0.2
confirmation,2005,2010,2015,16,0.3,10,10,0.8987341772151899,0.6607142857142857,112,0.268227916714579,0.1408725618656039,632,0,0.7705696202531646,0.12844036697247707,109,0.8115249988641952,0.35452258222672506,632,0,fixed_0.3
confirmation,2005,2010,2015,16,0.5,10,10,0.9050632911392406,0.6875,112,0.2682603540771912,0.14126717722390195,632,0,0.7832278481012658,0.12844036697247707,109,0.8082434272564659,0.34587437861389225,632,0,fixed_0.5
confirmation,2005,2010,2015,16,1.0,10,10,0.9098101265822784,0.6517857142857143,112,0.2701790585129536,0.14041197832014832,632,0,0.7721518987341772,0.13761467889908258,109,0.859033649713627,0.36218338066427375,632,0,fixed_1
confirmation,2005,2010,2015,16,0.5,20,10,0.9003164556962026,0.6517857142857143,112,0.2676409090874795,0.14087118987186767,632,0,0.7737341772151899,0.12844036697247707,109,0.8226645502907475,0.34772498522744005,632,0,validation_all_rates
confirmation,2005,2010,2015,16,0.5,20,10,0.9003164556962026,0.6517857142857143,112,0.2676409090874795,0.14087118987186767,632,0,0.7737341772151899,0.12844036697247707,109,0.8226645502907475,0.34772498522744005,632,0,validation_midrange
confirmation,2005,2010,2015,16,0.3,20,10,0.9018987341772152,0.6607142857142857,112,0.26814950457072156,0.14115119741177604,632,0,0.7753164556962026,0.14678899082568808,109,0.8281933994136912,0.3544414627525596,632,0,validation_compact
confirmation,2005,2010,2015,16,0.01,20,10,0.8955696202531646,0.7321428571428571,112,0.28326056176428277,0.14974970284949188,632,0,0.7642405063291139,0.12844036697247707,109,0.8157245565481548,0.3614144955600454,632,0,fixed_0.01
confirmation,2005,2010,2015,16,0.03,20,10,0.8987341772151899,0.7321428571428571,112,0.281436562543458,0.1483786104288959,632,0,0.7674050632911392,0.12844036697247707,109,0.8179492970031518,0.3625896599076448,632,0,fixed_0.03
confirmation,2005,2010,2015,16,0.05,20,10,0.8971518987341772,0.7232142857142857,112,0.2790805102781728,0.1472880271612729,632,0,0.7674050632911392,0.12844036697247707,109,0.8183931356997667,0.358619330928104,632,0,fixed_0.05
confirmation,2005,2010,2015,16,0.1,20,10,0.8987341772151899,0.7053571428571429,112,0.2757437787095002,0.1447110277913932,632,0,0.7721518987341772,0.12844036697247707,109,0.8036590546110826,0.34986234149596224,632,0,fixed_0.1
confirmation,2005,2010,2015,16,0.2,20,10,0.9018987341772152,0.6875,112,0.27017266624340214,0.14225677079581908,632,0,0.7721518987341772,0.12844036697247707,109,0.8242338670231459,0.3523968185844612,632,0,fixed_0.2
confirmation,2005,2010,2015,16,0.3,20,10,0.9018987341772152,0.6607142857142857,112,0.26814950457072156,0.14115119741177604,632,0,0.7753164556962026,0.14678899082568808,109,0.8281933994136912,0.3544414627525596,632,0,fixed_0.3
confirmation,2005,2010,2015,16,0.5,20,10,0.9003164556962026,0.6517857142857143,112,0.2676409090874795,0.14087118987186767,632,0,0.7737341772151899,0.12844036697247707,109,0.8226645502907475,0.34772498522744005,632,0,fixed_0.5
confirmation,2005,2010,2015,16,1.0,20,10,0.9098101265822784,0.6517857142857143,112,0.2701790585129536,0.14041197832014832,632,0,0.7721518987341772,0.13761467889908258,109,0.859033649713627,0.36218338066427375,632,0,fixed_1
confirmation,2005,2010,2015,16,0.5,50,10,0.9003164556962026,0.6517857142857143,112,0.2676409090874795,0.14087118987186767,632,0,0.7737341772151899,0.12844036697247707,109,0.8226645502907475,0.34772498522744005,632,0,validation_all_rates
confirmation,2005,2010,2015,16,0.5,50,10,0.9003164556962026,0.6517857142857143,112,0.2676409090874795,0.14087118987186767,632,0,0.7737341772151899,0.12844036697247707,109,0.8226645502907475,0.34772498522744005,632,0,validation_midrange
confirmation,2005,2010,2015,16,0.3,50,10,0.9018987341772152,0.6607142857142857,112,0.26814950457072156,0.14115119741177604,632,0,0.7753164556962026,0.14678899082568808,109,0.8281933994136912,0.3544414627525596,632,0,validation_compact
confirmation,2005,2010,2015,16,0.01,50,10,0.8987341772151899,0.7321428571428571,112,0.2813406198522545,0.14856284412521714,632,0,0.7674050632911392,0.12844036697247707,109,0.8155405455903998,0.35856702137237934,632,0,fixed_0.01
confirmation,2005,2010,2015,16,0.03,50,10,0.8987341772151899,0.7321428571428571,112,0.2803250086160708,0.14782977686614823,632,0,0.7674050632911392,0.12844036697247707,109,0.8218627071360777,0.3623732824641366,632,0,fixed_0.03
confirmation,2005,2010,2015,16,0.05,50,10,0.8971518987341772,0.7142857142857143,112,0.27750361216506586,0.14659015711173132,632,0,0.7705696202531646,0.12844036697247707,109,0.8196682686865958,0.3554165683287956,632,0,fixed_0.05
confirmation,2005,2010,2015,16,0.1,50,10,0.8987341772151899,0.6875,112,0.2737461932377046,0.14394648515357195,632,0,0.7737341772151899,0.13761467889908258,109,0.811281240456108,0.34747548554086,632,0,fixed_0.1
confirmation,2005,2010,2015,16,0.2,50,10,0.8971518987341772,0.6607142857142857,112,0.26948815403662335,0.1421922290416731,632,0,0.7721518987341772,0.12844036697247707,109,0.8224203855878773,0.3489634164695502,632,0,fixed_0.2
confirmation,2005,2010,2015,16,0.3,50,10,0.9018987341772152,0.6607142857142857,112,0.26814950457072156,0.14115119741177604,632,0,0.7753164556962026,0.14678899082568808,109,0.8281933994136912,0.3544414627525596,632,0,fixed_0.3
confirmation,2005,2010,2015,16,0.5,50,10,0.9003164556962026,0.6517857142857143,112,0.2676409090874795,0.14087118987186767,632,0,0.7737341772151899,0.12844036697247707,109,0.8226645502907475,0.34772498522744005,632,0,fixed_0.5
confirmation,2005,2010,2015,16,1.0,50,10,0.9098101265822784,0.6517857142857143,112,0.2701790585129536,0.14041197832014832,632,0,0.7721518987341772,0.13761467889908258,109,0.859033649713627,0.36218338066427375,632,0,fixed_1
confirmation,1997,2001,2005,32_16,0.2,10,10,0.9547581903276131,0.08333333333333333,24,0.17699687229360497,0.08155200151429783,641,0,0.7882165605095541,0.6140350877192983,57,0.4708750801054929,0.279784001884203,628,0,validation_all_rates
confirmation,1997,2001,2005,32_16,0.2,10,10,0.9547581903276131,0.08333333333333333,24,0.17699687229360497,0.08155200151429783,641,0,0.7882165605095541,0.6140350877192983,57,0.4708750801054929,0.279784001884203,628,0,validation_midrange
confirmation,1997,2001,2005,32_16,0.3,10,10,0.9547581903276131,0.08333333333333333,24,0.1773961176811665,0.08133406205699648,641,0,0.7977707006369427,0.6140350877192983,57,0.45160928534637357,0.26676138193646687,628,0,validation_compact
confirmation,1997,2001,2005,32_16,0.01,10,10,0.9453978159126365,0.125,24,0.1964866951361259,0.09474226602873373,641,0,0.8296178343949044,0.5789473684210527,57,0.3683349164942525,0.20563786592076777,628,0,fixed_0.01
confirmation,1997,2001,2005,32_16,0.03,10,10,0.9500780031201248,0.08333333333333333,24,0.18729215574021693,0.08798567215854952,641,0,0.8073248407643312,0.5964912280701754,57,0.40402644603223836,0.23642554115666406,628,0,fixed_0.03
confirmation,1997,2001,2005,32_16,0.05,10,10,0.9516380655226209,0.125,24,0.18451100990055155,0.08780287977433601,641,0,0.8089171974522293,0.5964912280701754,57,0.40541314726404243,0.23653566959697012,628,0,fixed_0.05
confirmation,1997,2001,2005,32_16,0.1,10,10,0.9485179407176287,0.08333333333333333,24,0.17780085911486274,0.08306988968684602,641,0,0.7882165605095541,0.6140350877192983,57,0.452352253147086,0.27079081311668246,628,0,fixed_0.1
confirmation,1997,2001,2005,32_16,0.2,10,10,0.9547581903276131,0.08333333333333333,24,0.17699687229360497,0.08155200151429783,641,0,0.7882165605095541,0.6140350877192983,57,0.4708750801054929,0.279784001884203,628,0,fixed_0.2
confirmation,1997,2001,2005,32_16,0.3,10,10,0.9547581903276131,0.08333333333333333,24,0.1773961176811665,0.08133406205699648,641,0,0.7977707006369427,0.6140350877192983,57,0.45160928534637357,0.26676138193646687,628,0,fixed_0.3
confirmation,1997,2001,2005,32_16,0.5,10,10,0.9563182527301092,0.125,24,0.18186177140616766,0.08155668440436781,641,0,0.8057324840764332,0.6140350877192983,57,0.4488926072539761,0.26233556511675604,628,0,fixed_0.5
confirmation,1997,2001,2005,32_16,1.0,10,10,0.9516380655226209,0.125,24,0.19102397803326945,0.0855694751805785,641,0,0.8089171974522293,0.6140350877192983,57,0.44850819017450877,0.2596316146073832,628,0,fixed_1
confirmation,1997,2001,2005,32_16,0.2,20,10,0.9547581903276131,0.08333333333333333,24,0.17699687229360497,0.08155200151429783,641,0,0.7882165605095541,0.6140350877192983,57,0.4708750801054929,0.279784001884203,628,0,validation_all_rates
confirmation,1997,2001,2005,32_16,0.2,20,10,0.9547581903276131,0.08333333333333333,24,0.17699687229360497,0.08155200151429783,641,0,0.7882165605095541,0.6140350877192983,57,0.4708750801054929,0.279784001884203,628,0,validation_midrange
confirmation,1997,2001,2005,32_16,0.3,20,10,0.9547581903276131,0.08333333333333333,24,0.1773961176811665,0.08133406205699648,641,0,0.7977707006369427,0.6140350877192983,57,0.45160928534637357,0.26676138193646687,628,0,validation_compact
confirmation,1997,2001,2005,32_16,0.01,20,10,0.9453978159126365,0.125,24,0.18640749888011565,0.0902302622411862,641,0,0.8057324840764332,0.5964912280701754,57,0.4113609509351836,0.24177078352524975,628,0,fixed_0.01
confirmation,1997,2001,2005,32_16,0.03,20,10,0.9469578783151326,0.08333333333333333,24,0.180922172864462,0.0864714409360878,641,0,0.7961783439490446,0.6140350877192983,57,0.44804659110800166,0.26652375105305176,628,0,fixed_0.03
confirmation,1997,2001,2005,32_16,0.05,20,10,0.9485179407176287,0.125,24,0.18103131529051852,0.08608532806622589,641,0,0.802547770700637,0.6140350877192983,57,0.43509107687254966,0.25786311161759584,628,0,fixed_0.05
confirmation,1997,2001,2005,32_16,0.1,20,10,0.9500780031201248,0.08333333333333333,24,0.17777274791843264,0.08291984963445304,641,0,0.7882165605095541,0.6140350877192983,57,0.461216003968473,0.277120407320542,628,0,fixed_0.1
confirmation,1997,2001,2005,32_16,0.2,20,10,0.9547581903276131,0.08333333333333333,24,0.17699687229360497,0.08155200151429783,641,0,0.7882165605095541,0.6140350877192983,57,0.4708750801054929,0.279784001884203,628,0,fixed_0.2
confirmation,1997,2001,2005,32_16,0.3,20,10,0.9547581903276131,0.08333333333333333,24,0.1773961176811665,0.08133406205699648,641,0,0.7977707006369427,0.6140350877192983,57,0.45160928534637357,0.26676138193646687,628,0,fixed_0.3
confirmation,1997,2001,2005,32_16,0.5,20,10,0.9563182527301092,0.125,24,0.18186177140616766,0.08155668440436781,641,0,0.8057324840764332,0.6140350877192983,57,0.4488926072539761,0.26233556511675604,628,0,fixed_0.5
confirmation,1997,2001,2005,32_16,1.0,20,10,0.9516380655226209,0.125,24,0.19102397803326945,0.0855694751805785,641,0,0.8089171974522293,0.6140350877192983,57,0.44850819017450877,0.2596316146073832,628,0,fixed_1
confirmation,1997,2001,2005,32_16,0.2,50,10,0.9547581903276131,0.08333333333333333,24,0.17699687229360497,0.08155200151429783,641,0,0.7882165605095541,0.6140350877192983,57,0.4708750801054929,0.279784001884203,628,0,validation_all_rates
confirmation,1997,2001,2005,32_16,0.2,50,10,0.9547581903276131,0.08333333333333333,24,0.17699687229360497,0.08155200151429783,641,0,0.7882165605095541,0.6140350877192983,57,0.4708750801054929,0.279784001884203,628,0,validation_midrange
confirmation,1997,2001,2005,32_16,0.1,50,10,0.9500780031201248,0.08333333333333333,24,0.17739187836058262,0.08333425474968581,641,0,0.7882165605095541,0.631578947368421,57,0.4879466106764658,0.28960107876875213,628,0,validation_compact
confirmation,1997,2001,2005,32_16,0.01,50,10,0.9438377535101404,0.08333333333333333,24,0.18396259551090774,0.08893337785854614,641,0,0.8009554140127388,0.631578947368421,57,0.44727512002986136,0.26497080652837485,628,0,fixed_0.01
confirmation,1997,2001,2005,32_16,0.03,50,10,0.9453978159126365,0.08333333333333333,24,0.18052589226318977,0.08643918762919259,641,0,0.8009554140127388,0.631578947368421,57,0.4579151319432539,0.27102905526527454,628,0,fixed_0.03
confirmation,1997,2001,2005,32_16,0.05,50,10,0.9485179407176287,0.125,24,0.1808871064607518,0.08598653052094335,641,0,0.7993630573248408,0.6140350877192983,57,0.4447667400131997,0.26378283470045655,628,0,fixed_0.05
confirmation,1997,2001,2005,32_16,0.1,50,10,0.9500780031201248,0.08333333333333333,24,0.17739187836058262,0.08333425474968581,641,0,0.7882165605095541,0.631578947368421,57,0.4879466106764658,0.28960107876875213,628,0,fixed_0.1
confirmation,1997,2001,2005,32_16,0.2,50,10,0.9547581903276131,0.08333333333333333,24,0.17699687229360497,0.08155200151429783,641,0,0.7882165605095541,0.6140350877192983,57,0.4708750801054929,0.279784001884203,628,0,fixed_0.2
confirmation,1997,2001,2005,32_16,0.3,50,10,0.9547581903276131,0.08333333333333333,24,0.1773961176811665,0.08133406205699648,641,0,0.7977707006369427,0.6140350877192983,57,0.45160928534637357,0.26676138193646687,628,0,fixed_0.3
confirmation,1997,2001,2005,32_16,0.5,50,10,0.9625585023400937,0.16666666666666666,24,0.1804820151512825,0.08136905144297757,641,0,0.7993630573248408,0.6140350877192983,57,0.45261440547945414,0.2653282008287785,628,0,fixed_0.5
confirmation,1997,2001,2005,32_16,1.0,50,10,0.9594383775351014,0.125,24,0.1852039774195952,0.08228867543784793,641,0,0.8089171974522293,0.5964912280701754,57,0.4502169730542782,0.26068646778032106,628,0,fixed_1
confirmation,1997,2001,2005,16,0.3,10,10,0.9594383775351014,0.08333333333333333,24,0.15569809340618593,0.0728629588480229,641,0,0.802547770700637,0.631578947368421,57,0.44356647416341755,0.2616139977901646,628,0,validation_all_rates
confirmation,1997,2001,2005,16,0.3,10,10,0.9594383775351014,0.08333333333333333,24,0.15569809340618593,0.0728629588480229,641,0,0.802547770700637,0.631578947368421,57,0.44356647416341755,0.2616139977901646,628,0,validation_midrange
confirmation,1997,2001,2005,16,0.3,10,10,0.9594383775351014,0.08333333333333333,24,0.15569809340618593,0.0728629588480229,641,0,0.802547770700637,0.631578947368421,57,0.44356647416341755,0.2616139977901646,628,0,validation_compact
confirmation,1997,2001,2005,16,0.01,10,10,0.9516380655226209,0.16666666666666666,24,0.16690302655200281,0.08190747454821787,641,0,0.8630573248407644,0.5614035087719298,57,0.34346372197590835,0.1886486210263454,628,0,fixed_0.01
confirmation,1997,2001,2005,16,0.03,10,10,0.9516380655226209,0.16666666666666666,24,0.1698832867648962,0.08160961777152663,641,0,0.8710191082802548,0.5614035087719298,57,0.3299882694871351,0.1784227701253585,628,0,fixed_0.03
confirmation,1997,2001,2005,16,0.05,10,10,0.9516380655226209,0.16666666666666666,24,0.16394048469524553,0.07835001398846139,641,0,0.8519108280254777,0.5614035087719298,57,0.3494498430461277,0.1949401493238573,628,0,fixed_0.05
confirmation,1997,2001,2005,16,0.1,10,10,0.9547581903276131,0.16666666666666666,24,0.16187672508896334,0.0774625814594598,641,0,0.8375796178343949,0.5964912280701754,57,0.36170613310759286,0.20345324325567943,628,0,fixed_0.1
confirmation,1997,2001,2005,16,0.2,10,10,0.9625585023400937,0.16666666666666666,24,0.15590136299099075,0.07344530088381494,641,0,0.8232484076433121,0.6140350877192983,57,0.4083548744197557,0.23829067645491933,628,0,fixed_0.2
confirmation,1997,2001,2005,16,0.3,10,10,0.9594383775351014,0.08333333333333333,24,0.15569809340618593,0.0728629588480229,641,0,0.802547770700637,0.631578947368421,57,0.44356647416341755,0.2616139977901646,628,0,fixed_0.3
confirmation,1997,2001,2005,16,0.5,10,10,0.9609984399375975,0.125,24,0.15871023305967533,0.07387520668920483,641,0,0.8136942675159236,0.6140350877192983,57,0.42122579600412025,0.24552752523360696,628,0,fixed_0.5
confirmation,1997,2001,2005,16,1.0,10,10,0.9656786271450858,0.125,24,0.16474025061501685,0.07232240315137743,641,0,0.8136942675159236,0.5964912280701754,57,0.41636804593550303,0.24123495612366333,628,0,fixed_1
confirmation,1997,2001,2005,16,0.2,20,10,0.9609984399375975,0.125,24,0.15508545990155617,0.073083163985825,641,0,0.8057324840764332,0.6140350877192983,57,0.4328457538584594,0.2555280119441636,628,0,validation_all_rates
confirmation,1997,2001,2005,16,0.2,20,10,0.9609984399375975,0.125,24,0.15508545990155617,0.073083163985825,641,0,0.8057324840764332,0.6140350877192983,57,0.4328457538584594,0.2555280119441636,628,0,validation_midrange
confirmation,1997,2001,2005,16,0.3,20,10,0.9594383775351014,0.08333333333333333,24,0.15569809340618593,0.0728629588480229,641,0,0.802547770700637,0.631578947368421,57,0.44356647416341755,0.2616139977901646,628,0,validation_compact
confirmation,1997,2001,2005,16,0.01,20,10,0.9516380655226209,0.16666666666666666,24,0.16057873695909936,0.07834266608524597,641,0,0.8184713375796179,0.6140350877192983,57,0.4105483200108445,0.2391880374586684,628,0,fixed_0.01
confirmation,1997,2001,2005,16,0.03,20,10,0.9563182527301092,0.16666666666666666,24,0.16014222434028938,0.0772022524636098,641,0,0.8248407643312102,0.6140350877192983,57,0.3916409573888087,0.22654162425212765,628,0,fixed_0.03
confirmation,1997,2001,2005,16,0.05,20,10,0.9563182527301092,0.125,24,0.15883455804624932,0.07672619442865511,641,0,0.8121019108280255,0.6140350877192983,57,0.42593280209884987,0.24990006363324271,628,0,fixed_0.05
confirmation,1997,2001,2005,16,0.1,20,10,0.9578783151326054,0.125,24,0.15745195055925051,0.07550160757440129,641,0,0.8073248407643312,0.6140350877192983,57,0.4258806882028055,0.250242825484166,628,0,fixed_0.1
confirmation,1997,2001,2005,16,0.2,20,10,0.9609984399375975,0.125,24,0.15508545990155617,0.073083163985825,641,0,0.8057324840764332,0.6140350877192983,57,0.4328457538584594,0.2555280119441636,628,0,fixed_0.2
confirmation,1997,2001,2005,16,0.3,20,10,0.9594383775351014,0.08333333333333333,24,0.15569809340618593,0.0728629588480229,641,0,0.802547770700637,0.631578947368421,57,0.44356647416341755,0.2616139977901646,628,0,fixed_0.3
confirmation,1997,2001,2005,16,0.5,20,10,0.9609984399375975,0.125,24,0.15871023305967533,0.07387520668920483,641,0,0.8136942675159236,0.6140350877192983,57,0.42122579600412025,0.24552752523360696,628,0,fixed_0.5
confirmation,1997,2001,2005,16,1.0,20,10,0.9656786271450858,0.125,24,0.16485942106066154,0.07285400654255929,641,0,0.8057324840764332,0.5964912280701754,57,0.4431003307187184,0.2586222210961811,628,0,fixed_1
confirmation,1997,2001,2005,16,0.2,50,10,0.9609984399375975,0.125,24,0.15508545990155617,0.073083163985825,641,0,0.8057324840764332,0.6140350877192983,57,0.4328457538584594,0.2555280119441636,628,0,validation_all_rates
confirmation,1997,2001,2005,16,0.2,50,10,0.9609984399375975,0.125,24,0.15508545990155617,0.073083163985825,641,0,0.8057324840764332,0.6140350877192983,57,0.4328457538584594,0.2555280119441636,628,0,validation_midrange
confirmation,1997,2001,2005,16,0.3,50,10,0.9594383775351014,0.08333333333333333,24,0.15569809340618593,0.0728629588480229,641,0,0.802547770700637,0.631578947368421,57,0.44356647416341755,0.2616139977901646,628,0,validation_compact
confirmation,1997,2001,2005,16,0.01,50,10,0.953198127925117,0.125,24,0.15960254674383567,0.07777040992218619,641,0,0.8105095541401274,0.6140350877192983,57,0.43065296753952204,0.2526507977525986,628,0,fixed_0.01
confirmation,1997,2001,2005,16,0.03,50,10,0.9547581903276131,0.125,24,0.1587671302452769,0.0768929182737188,641,0,0.8105095541401274,0.6140350877192983,57,0.4290975454649523,0.2516848914223409,628,0,fixed_0.03
confirmation,1997,2001,2005,16,0.05,50,10,0.9547581903276131,0.125,24,0.15877788928779832,0.07674669085566597,641,0,0.8073248407643312,0.6140350877192983,57,0.4318844796234105,0.2536368658130753,628,0,fixed_0.05
confirmation,1997,2001,2005,16,0.1,50,10,0.9578783151326054,0.125,24,0.15745195055925051,0.07550160757440129,641,0,0.8073248407643312,0.6140350877192983,57,0.4258806882028055,0.250242825484166,628,0,fixed_0.1
confirmation,1997,2001,2005,16,0.2,50,10,0.9609984399375975,0.125,24,0.15508545990155617,0.073083163985825,641,0,0.8057324840764332,0.6140350877192983,57,0.4328457538584594,0.2555280119441636,628,0,fixed_0.2
confirmation,1997,2001,2005,16,0.3,50,10,0.9594383775351014,0.08333333333333333,24,0.15569809340618593,0.0728629588480229,641,0,0.802547770700637,0.631578947368421,57,0.44356647416341755,0.2616139977901646,628,0,fixed_0.3
confirmation,1997,2001,2005,16,0.5,50,10,0.9609984399375975,0.125,24,0.15871023305967533,0.07387520668920483,641,0,0.8136942675159236,0.6140350877192983,57,0.42122579600412025,0.24552752523360696,628,0,fixed_0.5
confirmation,1997,2001,2005,16,1.0,50,10,0.9656786271450858,0.125,24,0.16485942106066154,0.07285400654255929,641,0,0.8057324840764332,0.5964912280701754,57,0.4431003307187184,0.2586222210961811,628,0,fixed_1
confirmation,2015,2017,2019,32_16,0.3,selected,10,0.8924050632911392,0.08955223880597014,67,0.314572218068101,0.16584528409577287,632,0,0.9018987341772152,0.35526315789473684,76,0.24370383581672622,0.14249094465448156,632,0,validation_rate_and_patience
confirmation,2015,2017,2019,16,0.05,selected,10,0.8955696202531646,0.08955223880597014,67,0.30011909142746773,0.16065883555870347,632,0,0.8829113924050633,0.2236842105263158,76,0.29604432046793605,0.17146068793393215,632,0,validation_rate_and_patience
confirmation,2005,2010,2015,32_16,0.5,selected,10,0.9066455696202531,0.6339285714285714,112,0.2651339612177171,0.1378832050477937,632,0,0.7863924050632911,0.11926605504587157,109,0.8195778783730837,0.33633604653419746,632,0,validation_rate_and_patience
confirmation,2005,2010,2015,16,0.5,selected,10,0.9003164556962026,0.6517857142857143,112,0.2676409090874795,0.14087118987186767,632,0,0.7737341772151899,0.12844036697247707,109,0.8226645502907475,0.34772498522744005,632,0,validation_rate_and_patience
confirmation,1997,2001,2005,32_16,0.2,selected,10,0.9547581903276131,0.08333333333333333,24,0.17699687229360497,0.08155200151429783,641,0,0.7882165605095541,0.6140350877192983,57,0.4708750801054929,0.279784001884203,628,0,validation_rate_and_patience
confirmation,1997,2001,2005,16,0.2,selected,10,0.9609984399375975,0.125,24,0.15508545990155617,0.073083163985825,641,0,0.8057324840764332,0.6140350877192983,57,0.4328457538584594,0.2555280119441636,628,0,validation_rate_and_patience
