evaluation_year,architecture,policy,learning_rate,rows,accuracy,overall_changed_score,log_loss,brier,previous_winner_accuracy,known_previous_rows,known_previous_accuracy,previous_winner_known_accuracy,unknown_previous_rows,unknown_previous_accuracy,accuracy_gain_pp,changed_seats,correct_changes,changed_accuracy,called_changes,correct_change_precision,false_changes_on_held_seats,wrong_destination_on_changed_seats,held_seat_accuracy,seat_count_absolute_error
1997,16,validation_all_rates,1.0,641,0.6864274570982839,0.37133872854914196,1.1393280937070331,0.5202605320713568,0.608424336973479,550,0.7181818181818181,0.7090909090909091,91,0.4945054945054945,7.800312012480493,160,9,0.05625,14,0.6428571428571429,4,1,0.9897435897435898,394
1997,16,fixed_0.3,0.3,641,0.6848673946957878,0.36743369734789394,1.3381504412076834,0.5643391838646575,0.608424336973479,550,0.7163636363636363,0.7090909090909091,91,0.4945054945054945,7.6443057722308865,160,8,0.05,12,0.6666666666666666,4,0,0.9897435897435898,398
1997,32,validation_all_rates,1.0,641,0.6895475819032761,0.37602379095163807,1.173859276839012,0.5300148377831008,0.608424336973479,550,0.7218181818181818,0.7090909090909091,91,0.4945054945054945,8.112324492979717,160,10,0.0625,14,0.7142857142857143,3,1,0.9923076923076923,392
1997,32,fixed_0.3,0.3,641,0.6848673946957878,0.36743369734789394,1.2716367270627655,0.5609367747639982,0.608424336973479,550,0.7163636363636363,0.7090909090909091,91,0.4945054945054945,7.6443057722308865,160,8,0.05,12,0.6666666666666666,4,0,0.9897435897435898,398
1997,32_16,validation_all_rates,1.0,641,0.6786271450858035,0.36431357254290175,1.212377726241631,0.5447257634606577,0.608424336973479,550,0.7090909090909091,0.7090909090909091,91,0.4945054945054945,7.020280811232449,160,8,0.05,17,0.47058823529411764,8,1,0.9794871794871794,396
1997,32_16,fixed_0.3,0.3,641,0.6786271450858035,0.36431357254290175,1.3364291674383095,0.5550286112204851,0.608424336973479,550,0.7090909090909091,0.7090909090909091,91,0.4945054945054945,7.020280811232449,160,8,0.05,17,0.47058823529411764,8,1,0.9794871794871794,398
1997,64_32,validation_all_rates,1.0,641,0.6848673946957878,0.37055869734789393,1.1723628986982888,0.5201577931740267,0.608424336973479,550,0.7163636363636363,0.7090909090909091,91,0.4945054945054945,7.6443057722308865,160,9,0.05625,15,0.6,5,1,0.9871794871794872,394
1997,64_32,fixed_0.3,0.3,641,0.6817472698907956,0.3658736349453978,1.3493111571583505,0.5577938938039223,0.608424336973479,550,0.7127272727272728,0.7090909090909091,91,0.4945054945054945,7.332293291731662,160,8,0.05,15,0.5333333333333333,6,1,0.9846153846153847,396
2001,16,validation_all_rates,1.0,641,0.9407176287051482,0.5328588143525741,0.2071148365592762,0.0991645330631171,0.9625585023400937,641,0.9407176287051482,0.9625585023400937,0,,-2.184087363494547,24,3,0.125,21,0.14285714285714285,17,1,0.9724473257698542,56
2001,16,fixed_0.3,0.3,641,0.9453978159126365,0.5560322412896516,0.2055607710416642,0.0984388878303656,0.9625585023400937,641,0.9453978159126365,0.9625585023400937,0,,-1.7160686427457161,24,4,0.16666666666666666,20,0.2,15,1,0.9756888168557536,52
2001,32,validation_all_rates,1.0,641,0.9422776911076443,0.5336388455538221,0.2062270453358673,0.0965803292652915,0.9625585023400937,641,0.9422776911076443,0.9625585023400937,0,,-2.0280811232449403,24,3,0.125,20,0.15,16,1,0.9740680713128039,54
2001,32,fixed_0.3,0.3,641,0.9453978159126365,0.5560322412896516,0.2255973652080616,0.1065019116152593,0.9625585023400937,641,0.9453978159126365,0.9625585023400937,0,,-1.7160686427457161,24,4,0.16666666666666666,20,0.2,15,1,0.9756888168557536,52
2001,32_16,validation_all_rates,1.0,641,0.9438377535101404,0.5552522100884035,0.2285590231327696,0.1018471091090848,0.9625585023400937,641,0.9438377535101404,0.9625585023400937,0,,-1.8720748829953227,24,4,0.16666666666666666,21,0.19047619047619047,16,1,0.9740680713128039,54
2001,32_16,fixed_0.3,0.3,641,0.9204368174726989,0.5643850754030161,0.238329509083731,0.1179700800800501,0.9625585023400937,641,0.9204368174726989,0.9625585023400937,0,,-4.2121684867394755,24,5,0.20833333333333334,38,0.13157894736842105,32,1,0.9481361426256077,88
2001,64_32,validation_all_rates,1.0,641,0.9453978159126365,0.49353224128965156,0.1980770304477735,0.0896273210645546,0.9625585023400937,641,0.9453978159126365,0.9625585023400937,0,,-1.7160686427457161,24,1,0.041666666666666664,14,0.07142857142857142,12,1,0.9805510534846029,40
2001,64_32,fixed_0.3,0.3,641,0.921996879875195,0.5651651066042641,0.2469847474012797,0.1237362804605747,0.9625585023400937,641,0.921996879875195,0.9625585023400937,0,,-4.056162246489869,24,5,0.20833333333333334,37,0.13513513513513514,31,1,0.9497568881685575,86
2005,16,validation_all_rates,0.2,628,0.8057324840764332,0.7098837858978657,0.4328457538584594,0.2555280119441636,0.9092356687898089,628,0.8057324840764332,0.9092356687898089,0,,-10.350318471337571,57,35,0.6140350877192983,139,0.2517985611510791,100,4,0.8248686514886164,208
2005,16,fixed_0.3,0.3,628,0.802547770700637,0.717063359034529,0.4435664741634175,0.2616139977901646,0.9092356687898089,628,0.802547770700637,0.9092356687898089,0,,-10.66878980891719,57,36,0.631578947368421,143,0.2517482517482518,103,4,0.819614711033275,216
2005,32,validation_all_rates,0.5,628,0.8057324840764332,0.7098837858978657,0.421186014136569,0.2506288292476413,0.9092356687898089,628,0.8057324840764332,0.9092356687898089,0,,-10.350318471337571,57,35,0.6140350877192983,139,0.2517985611510791,100,4,0.8248686514886164,208
2005,32,fixed_0.3,0.3,628,0.7882165605095541,0.7098977539389876,0.4744053241742634,0.2860983089101918,0.9092356687898089,628,0.7882165605095541,0.9092356687898089,0,,-12.101910828025474,57,36,0.631578947368421,152,0.23684210526315788,112,4,0.8038528896672504,234
2005,32_16,validation_all_rates,0.2,628,0.7882165605095541,0.7011258241144263,0.4708750801054929,0.279784001884203,0.9092356687898089,628,0.7882165605095541,0.9092356687898089,0,,-12.101910828025474,57,35,0.6140350877192983,150,0.23333333333333334,111,4,0.8056042031523643,230
2005,32_16,fixed_0.3,0.3,628,0.7977707006369427,0.7059028941781205,0.4516092853463735,0.2667613819364668,0.9092356687898089,628,0.7977707006369427,0.9092356687898089,0,,-11.146496815286621,57,35,0.6140350877192983,144,0.24305555555555555,105,4,0.8161120840630472,218
2005,64_32,validation_all_rates,0.2,628,0.7914012738853503,0.7114901106268856,0.4597363671223232,0.2738944204947226,0.9092356687898089,628,0.7914012738853503,0.9092356687898089,0,,-11.783439490445858,57,36,0.631578947368421,149,0.24161073825503357,110,3,0.8073555166374781,230
2005,64_32,fixed_0.3,0.3,628,0.7945859872611465,0.7130824673147838,0.4439969605907372,0.263443722576361,0.9092356687898089,628,0.7945859872611465,0.9092356687898089,0,,-11.46496815286624,57,36,0.631578947368421,148,0.24324324324324326,108,4,0.8108581436077058,226
2010,16,validation_all_rates,1.0,632,0.8560126582278481,0.8431849005424955,0.3534498617113686,0.1982407584889142,0.8227848101265823,632,0.8560126582278481,0.8227848101265823,0,,3.322784810126578,112,93,0.8303571428571429,168,0.5535714285714286,72,3,0.8615384615384616,138
2010,16,fixed_0.3,0.3,632,0.8370253164556962,0.8560126582278481,0.4032905399877551,0.2334789272720257,0.8227848101265823,632,0.8370253164556962,0.8227848101265823,0,,1.424050632911389,112,98,0.875,190,0.5157894736842106,89,3,0.8288461538461539,188
2010,32,validation_all_rates,1.0,632,0.8481012658227848,0.8570863471971066,0.361105778982026,0.2060820804881507,0.8227848101265823,632,0.8481012658227848,0.8227848101265823,0,,2.5316455696202445,112,97,0.8660714285714286,181,0.5359116022099447,81,3,0.8442307692307692,170
2010,32,fixed_0.3,0.3,632,0.8338607594936709,0.8544303797468354,0.402869693733927,0.2326887795923186,0.8227848101265823,632,0.8338607594936709,0.8227848101265823,0,,1.1075949367088556,112,98,0.875,192,0.5104166666666666,91,3,0.825,194
2010,32_16,validation_all_rates,1.0,632,0.8734177215189873,0.8608160036166366,0.35282106373479,0.1928668450279258,0.8227848101265823,632,0.8734177215189873,0.8227848101265823,0,,5.0632911392405,112,95,0.8482142857142857,159,0.5974842767295597,63,1,0.8788461538461538,126
2010,32_16,fixed_0.3,0.3,632,0.8449367088607594,0.855504068716094,0.3916791493016202,0.2188125775841257,0.8227848101265823,632,0.8449367088607594,0.8227848101265823,0,,2.215189873417711,112,97,0.8660714285714286,183,0.5300546448087432,83,3,0.8403846153846154,174
2010,64_32,validation_all_rates,1.0,632,0.8924050632911392,0.8613811030741411,0.3051705595202954,0.1623767514902334,0.8227848101265823,632,0.8924050632911392,0.8227848101265823,0,,6.962025316455689,112,93,0.8303571428571429,143,0.6503496503496503,49,1,0.9057692307692308,94
2010,64_32,fixed_0.3,0.3,632,0.8575949367088608,0.8618331826401446,0.3600992311602582,0.2009934896252531,0.8227848101265823,632,0.8575949367088608,0.8227848101265823,0,,3.4810126582278444,112,97,0.8660714285714286,174,0.5574712643678161,75,2,0.8557692307692307,156
2015,16,validation_all_rates,0.5,632,0.7737341772151899,0.4510872720938335,0.8226645502907475,0.34772498522744,0.8275316455696202,632,0.7737341772151899,0.8275316455696202,0,,-5.379746835443033,109,14,0.12844036697247707,63,0.2222222222222222,48,1,0.9082217973231358,264
2015,16,fixed_0.3,0.3,632,0.7753164556962026,0.4610527232609453,0.8281933994136912,0.3544414627525596,0.8275316455696202,632,0.7753164556962026,0.8275316455696202,0,,-5.221518987341767,109,16,0.14678899082568808,66,0.24242424242424243,49,1,0.9063097514340345,266
2015,32,validation_all_rates,0.3,632,0.7610759493670886,0.44934531413308554,0.8899482834484346,0.3876468998516818,0.8275316455696202,632,0.7610759493670886,0.8275316455696202,0,,-6.645569620253166,109,15,0.13761467889908258,74,0.20270270270270271,57,2,0.8910133843212237,284
2015,32,fixed_0.3,0.3,632,0.7610759493670886,0.44934531413308554,0.8899482834484346,0.3876468998516818,0.8275316455696202,632,0.7610759493670886,0.8275316455696202,0,,-6.645569620253166,109,15,0.13761467889908258,74,0.20270270270270271,57,2,0.8910133843212237,284
2015,32_16,validation_all_rates,0.3,632,0.7879746835443038,0.4582075252583904,0.7897196610487903,0.3329383926262438,0.8275316455696202,632,0.7879746835443038,0.8275316455696202,0,,-3.9556962025316444,109,14,0.12844036697247707,54,0.25925925925925924,39,1,0.9254302103250478,246
2015,32_16,fixed_0.3,0.3,632,0.7879746835443038,0.4582075252583904,0.7897196610487903,0.3329383926262438,0.8275316455696202,632,0.7879746835443038,0.8275316455696202,0,,-3.9556962025316444,109,14,0.12844036697247707,54,0.25925925925925924,39,1,0.9254302103250478,246
2015,64_32,validation_all_rates,1.0,632,0.759493670886076,0.4485541748925793,0.9548897146692188,0.3750988247688735,0.8275316455696202,632,0.759493670886076,0.8275316455696202,0,,-6.803797468354422,109,15,0.13761467889908258,76,0.19736842105263158,58,3,0.8891013384321224,286
2015,64_32,fixed_0.3,0.3,632,0.7689873417721519,0.4533010103356172,0.8217710564362529,0.359191128023654,0.8275316455696202,632,0.7689873417721519,0.8275316455696202,0,,-5.854430379746834,109,15,0.13761467889908258,69,0.21739130434782608,52,2,0.9005736137667304,274
2017,16,validation_all_rates,1.0,632,0.8924050632911392,0.4909786510485547,0.3782379439333649,0.1876206329950003,0.8939873417721519,632,0.8924050632911392,0.8939873417721519,0,,-0.15822784810126667,67,6,0.08955223880597014,13,0.46153846153846156,7,0,0.9876106194690265,86
2017,16,fixed_0.3,0.3,632,0.8987341772151899,0.5239939542792367,0.2838287144722758,0.1508451789806749,0.8939873417721519,632,0.8987341772151899,0.8939873417721519,0,,0.4746835443038,67,10,0.14925373134328357,17,0.5882352941176471,7,0,0.9876106194690265,62
2017,32,validation_all_rates,1.0,632,0.8781645569620253,0.48385839788399776,0.4015255561559033,0.1966745285698675,0.8939873417721519,632,0.8781645569620253,0.8939873417721519,0,,-1.5822784810126556,67,6,0.08955223880597014,22,0.2727272727272727,16,0,0.9716814159292035,104
2017,32,fixed_0.3,0.3,632,0.8971518987341772,0.4933520687700737,0.2830709121074922,0.1551284375725653,0.8939873417721519,632,0.8971518987341772,0.8939873417721519,0,,0.31645569620253333,67,6,0.08955223880597014,10,0.6,4,0,0.9929203539823008,74
2017,32_16,validation_all_rates,1.0,632,0.8876582278481012,0.4886052333270357,0.3948989190920594,0.1948797232911211,0.8939873417721519,632,0.8876582278481012,0.8939873417721519,0,,-0.6329113924050667,67,6,0.08955223880597014,16,0.375,10,0,0.9823008849557522,90
2017,32_16,fixed_0.3,0.3,632,0.8971518987341772,0.4933520687700737,0.3337121663692124,0.1749377345679398,0.8939873417721519,632,0.8971518987341772,0.8939873417721519,0,,0.31645569620253333,67,6,0.08955223880597014,10,0.6,4,0,0.9929203539823008,80
2017,64_32,validation_all_rates,1.0,632,0.8955696202531646,0.49256092952956737,0.4038652143039684,0.1835446057647524,0.8939873417721519,632,0.8955696202531646,0.8939873417721519,0,,0.15822784810126667,67,6,0.08955223880597014,11,0.5454545454545454,5,0,0.9911504424778761,80
2017,64_32,fixed_0.3,0.3,632,0.8908227848101266,0.48272482524088417,0.347819179860973,0.1795382049166242,0.8939873417721519,632,0.8908227848101266,0.8939873417721519,0,,-0.31645569620253333,67,5,0.07462686567164178,12,0.4166666666666667,7,0,0.9876106194690265,84
2019,16,validation_all_rates,0.05,632,0.8829113924050633,0.5532978014656895,0.296044320467936,0.1714606879339321,0.879746835443038,632,0.8829113924050633,0.879746835443038,0,,0.31645569620253333,76,17,0.2236842105263158,32,0.53125,15,0,0.9730215827338129,86
2019,16,fixed_0.3,0.3,632,0.9113924050632911,0.6728014656895402,0.2227525411438205,0.1265410640472775,0.879746835443038,632,0.9113924050632911,0.879746835443038,0,,3.164556962025311,76,33,0.4342105263157895,46,0.717391304347826,13,0,0.9766187050359713,46
2019,32,validation_all_rates,0.05,632,0.8718354430379747,0.5543387741505663,0.2930730194552984,0.1722825083305809,0.879746835443038,632,0.8718354430379747,0.879746835443038,0,,-0.7911392405063333,76,18,0.23684210526315788,41,0.43902439024390244,23,0,0.9586330935251799,96
2019,32,fixed_0.3,0.3,632,0.9129746835443038,0.6999083944037309,0.2186888643553723,0.123733883011929,0.879746835443038,632,0.9129746835443038,0.879746835443038,0,,3.322784810126578,76,37,0.4868421052631579,53,0.6981132075471698,16,0,0.9712230215827338,36
2019,32_16,validation_all_rates,0.3,632,0.9018987341772152,0.628580946035976,0.2437038358167262,0.1424909446544815,0.879746835443038,632,0.9018987341772152,0.879746835443038,0,,2.215189873417722,76,27,0.35526315789473684,40,0.675,13,0,0.9766187050359713,66
2019,32_16,fixed_0.3,0.3,632,0.9018987341772152,0.628580946035976,0.2437038358167262,0.1424909446544815,0.879746835443038,632,0.9018987341772152,0.879746835443038,0,,2.215189873417722,76,27,0.35526315789473684,40,0.675,13,0,0.9766187050359713,66
2019,64_32,validation_all_rates,0.3,632,0.8971518987341772,0.619628580946036,0.2364769536991285,0.1380504798597854,0.879746835443038,632,0.8971518987341772,0.879746835443038,0,,1.7405063291139222,76,26,0.34210526315789475,41,0.6341463414634146,15,0,0.9730215827338129,62
2019,64_32,fixed_0.3,0.3,632,0.8971518987341772,0.619628580946036,0.2364769536991285,0.1380504798597854,0.879746835443038,632,0.8971518987341772,0.879746835443038,0,,1.7405063291139222,76,26,0.34210526315789475,41,0.6341463414634146,15,0,0.9730215827338129,62
