evaluation_year,architecture,policy,previous_winner_status,party,actual_seats,predicted_seats
1997,16,validation_all_rates,known,con,121,272
1997,16,validation_all_rates,known,lab,387,268
1997,16,validation_all_rates,known,lib,32,6
1997,16,validation_all_rates,known,natSW,8,4
1997,16,validation_all_rates,known,oth,2,0
1997,16,validation_all_rates,missing,con,45,91
1997,16,validation_all_rates,missing,lab,31,0
1997,16,validation_all_rates,missing,lib,13,0
1997,16,validation_all_rates,missing,natSW,2,0
1997,16,validation_all_rates,missing,oth,0,0
1997,16,fixed_0.3,known,con,121,274
1997,16,fixed_0.3,known,lab,387,265
1997,16,fixed_0.3,known,lib,32,6
1997,16,fixed_0.3,known,natSW,8,5
1997,16,fixed_0.3,known,oth,2,0
1997,16,fixed_0.3,missing,con,45,91
1997,16,fixed_0.3,missing,lab,31,0
1997,16,fixed_0.3,missing,lib,13,0
1997,16,fixed_0.3,missing,natSW,2,0
1997,16,fixed_0.3,missing,oth,0,0
1997,32,validation_all_rates,known,con,121,271
1997,32,validation_all_rates,known,lab,387,266
1997,32,validation_all_rates,known,lib,32,6
1997,32,validation_all_rates,known,natSW,8,7
1997,32,validation_all_rates,known,oth,2,0
1997,32,validation_all_rates,missing,con,45,91
1997,32,validation_all_rates,missing,lab,31,0
1997,32,validation_all_rates,missing,lib,13,0
1997,32,validation_all_rates,missing,natSW,2,0
1997,32,validation_all_rates,missing,oth,0,0
1997,32,fixed_0.3,known,con,121,274
1997,32,fixed_0.3,known,lab,387,265
1997,32,fixed_0.3,known,lib,32,6
1997,32,fixed_0.3,known,natSW,8,5
1997,32,fixed_0.3,known,oth,2,0
1997,32,fixed_0.3,missing,con,45,91
1997,32,fixed_0.3,missing,lab,31,0
1997,32,fixed_0.3,missing,lib,13,0
1997,32,fixed_0.3,missing,natSW,2,0
1997,32,fixed_0.3,missing,oth,0,0
1997,32_16,validation_all_rates,known,con,121,273
1997,32_16,validation_all_rates,known,lab,387,271
1997,32_16,validation_all_rates,known,lib,32,6
1997,32_16,validation_all_rates,known,natSW,8,0
1997,32_16,validation_all_rates,known,oth,2,0
1997,32_16,validation_all_rates,missing,con,45,91
1997,32_16,validation_all_rates,missing,lab,31,0
1997,32_16,validation_all_rates,missing,lib,13,0
1997,32_16,validation_all_rates,missing,natSW,2,0
1997,32_16,validation_all_rates,missing,oth,0,0
1997,32_16,fixed_0.3,known,con,121,274
1997,32_16,fixed_0.3,known,lab,387,270
1997,32_16,fixed_0.3,known,lib,32,5
1997,32_16,fixed_0.3,known,natSW,8,1
1997,32_16,fixed_0.3,known,oth,2,0
1997,32_16,fixed_0.3,missing,con,45,91
1997,32_16,fixed_0.3,missing,lab,31,0
1997,32_16,fixed_0.3,missing,lib,13,0
1997,32_16,fixed_0.3,missing,natSW,2,0
1997,32_16,fixed_0.3,missing,oth,0,0
1997,64_32,validation_all_rates,known,con,121,272
1997,64_32,validation_all_rates,known,lab,387,269
1997,64_32,validation_all_rates,known,lib,32,6
1997,64_32,validation_all_rates,known,natSW,8,3
1997,64_32,validation_all_rates,known,oth,2,0
1997,64_32,validation_all_rates,missing,con,45,91
1997,64_32,validation_all_rates,missing,lab,31,0
1997,64_32,validation_all_rates,missing,lib,13,0
1997,64_32,validation_all_rates,missing,natSW,2,0
1997,64_32,validation_all_rates,missing,oth,0,0
1997,64_32,fixed_0.3,known,con,121,273
1997,64_32,fixed_0.3,known,lab,387,269
1997,64_32,fixed_0.3,known,lib,32,6
1997,64_32,fixed_0.3,known,natSW,8,2
1997,64_32,fixed_0.3,known,oth,2,0
1997,64_32,fixed_0.3,missing,con,45,91
1997,64_32,fixed_0.3,missing,lab,31,0
1997,64_32,fixed_0.3,missing,lib,13,0
1997,64_32,fixed_0.3,missing,natSW,2,0
1997,64_32,fixed_0.3,missing,oth,0,0
2001,16,validation_all_rates,known,con,166,187
2001,16,validation_all_rates,known,lab,412,418
2001,16,validation_all_rates,known,lib,52,26
2001,16,validation_all_rates,known,natSW,9,10
2001,16,validation_all_rates,known,oth,2,0
2001,16,fixed_0.3,known,con,166,185
2001,16,fixed_0.3,known,lab,412,419
2001,16,fixed_0.3,known,lib,52,28
2001,16,fixed_0.3,known,natSW,9,9
2001,16,fixed_0.3,known,oth,2,0
2001,32,validation_all_rates,known,con,166,186
2001,32,validation_all_rates,known,lab,412,418
2001,32,validation_all_rates,known,lib,52,27
2001,32,validation_all_rates,known,natSW,9,10
2001,32,validation_all_rates,known,oth,2,0
2001,32,fixed_0.3,known,con,166,185
2001,32,fixed_0.3,known,lab,412,419
2001,32,fixed_0.3,known,lib,52,28
2001,32,fixed_0.3,known,natSW,9,9
2001,32,fixed_0.3,known,oth,2,0
2001,32_16,validation_all_rates,known,con,166,186
2001,32_16,validation_all_rates,known,lab,412,419
2001,32_16,validation_all_rates,known,lib,52,28
2001,32_16,validation_all_rates,known,natSW,9,8
2001,32_16,validation_all_rates,known,oth,2,0
2001,32_16,fixed_0.3,known,con,166,202
2001,32_16,fixed_0.3,known,lab,412,420
2001,32_16,fixed_0.3,known,lib,52,17
2001,32_16,fixed_0.3,known,natSW,9,2
2001,32_16,fixed_0.3,known,oth,2,0
2001,64_32,validation_all_rates,known,con,166,178
2001,64_32,validation_all_rates,known,lab,412,419
2001,64_32,validation_all_rates,known,lib,52,34
2001,64_32,validation_all_rates,known,natSW,9,10
2001,64_32,validation_all_rates,known,oth,2,0
2001,64_32,fixed_0.3,known,con,166,202
2001,64_32,fixed_0.3,known,lab,412,419
2001,64_32,fixed_0.3,known,lib,52,15
2001,64_32,fixed_0.3,known,natSW,9,5
2001,64_32,fixed_0.3,known,oth,2,0
2005,16,validation_all_rates,known,con,198,301
2005,16,validation_all_rates,known,lab,355,279
2005,16,validation_all_rates,known,lib,62,38
2005,16,validation_all_rates,known,natSW,9,10
2005,16,validation_all_rates,known,oth,4,0
2005,16,fixed_0.3,known,con,198,305
2005,16,fixed_0.3,known,lab,355,278
2005,16,fixed_0.3,known,lib,62,35
2005,16,fixed_0.3,known,natSW,9,10
2005,16,fixed_0.3,known,oth,4,0
2005,32,validation_all_rates,known,con,198,301
2005,32,validation_all_rates,known,lab,355,281
2005,32,validation_all_rates,known,lib,62,36
2005,32,validation_all_rates,known,natSW,9,10
2005,32,validation_all_rates,known,oth,4,0
2005,32,fixed_0.3,known,con,198,314
2005,32,fixed_0.3,known,lab,355,270
2005,32,fixed_0.3,known,lib,62,34
2005,32,fixed_0.3,known,natSW,9,10
2005,32,fixed_0.3,known,oth,4,0
2005,32_16,validation_all_rates,known,con,198,312
2005,32_16,validation_all_rates,known,lab,355,270
2005,32_16,validation_all_rates,known,lib,62,36
2005,32_16,validation_all_rates,known,natSW,9,10
2005,32_16,validation_all_rates,known,oth,4,0
2005,32_16,fixed_0.3,known,con,198,306
2005,32_16,fixed_0.3,known,lab,355,276
2005,32_16,fixed_0.3,known,lib,62,36
2005,32_16,fixed_0.3,known,natSW,9,10
2005,32_16,fixed_0.3,known,oth,4,0
2005,64_32,validation_all_rates,known,con,198,313
2005,64_32,validation_all_rates,known,lab,355,271
2005,64_32,validation_all_rates,known,lib,62,35
2005,64_32,validation_all_rates,known,natSW,9,9
2005,64_32,validation_all_rates,known,oth,4,0
2005,64_32,fixed_0.3,known,con,198,310
2005,64_32,fixed_0.3,known,lab,355,272
2005,64_32,fixed_0.3,known,lib,62,36
2005,64_32,fixed_0.3,known,natSW,9,10
2005,64_32,fixed_0.3,known,oth,4,0
2010,16,validation_all_rates,known,con,306,375
2010,16,validation_all_rates,known,lab,258,208
2010,16,validation_all_rates,known,lib,57,43
2010,16,validation_all_rates,known,natSW,9,6
2010,16,validation_all_rates,known,oth,2,0
2010,16,fixed_0.3,known,con,306,400
2010,16,fixed_0.3,known,lab,258,200
2010,16,fixed_0.3,known,lib,57,27
2010,16,fixed_0.3,known,natSW,9,5
2010,16,fixed_0.3,known,oth,2,0
2010,32,validation_all_rates,known,con,306,391
2010,32,validation_all_rates,known,lab,258,204
2010,32,validation_all_rates,known,lib,57,32
2010,32,validation_all_rates,known,natSW,9,5
2010,32,validation_all_rates,known,oth,2,0
2010,32,fixed_0.3,known,con,306,403
2010,32,fixed_0.3,known,lab,258,196
2010,32,fixed_0.3,known,lib,57,27
2010,32,fixed_0.3,known,natSW,9,6
2010,32,fixed_0.3,known,oth,2,0
2010,32_16,validation_all_rates,known,con,306,369
2010,32_16,validation_all_rates,known,lab,258,224
2010,32_16,validation_all_rates,known,lib,57,32
2010,32_16,validation_all_rates,known,natSW,9,7
2010,32_16,validation_all_rates,known,oth,2,0
2010,32_16,fixed_0.3,known,con,306,393
2010,32_16,fixed_0.3,known,lab,258,202
2010,32_16,fixed_0.3,known,lib,57,32
2010,32_16,fixed_0.3,known,natSW,9,5
2010,32_16,fixed_0.3,known,oth,2,0
2010,64_32,validation_all_rates,known,con,306,353
2010,64_32,validation_all_rates,known,lab,258,234
2010,64_32,validation_all_rates,known,lib,57,38
2010,64_32,validation_all_rates,known,natSW,9,7
2010,64_32,validation_all_rates,known,oth,2,0
2010,64_32,fixed_0.3,known,con,306,384
2010,64_32,fixed_0.3,known,lab,258,211
2010,64_32,fixed_0.3,known,lib,57,32
2010,64_32,fixed_0.3,known,natSW,9,5
2010,64_32,fixed_0.3,known,oth,2,0
2015,16,validation_all_rates,known,con,330,254
2015,16,validation_all_rates,known,lab,231,321
2015,16,validation_all_rates,known,lib,8,50
2015,16,validation_all_rates,known,natSW,59,7
2015,16,validation_all_rates,known,oth,4,0
2015,16,fixed_0.3,known,con,330,252
2015,16,fixed_0.3,known,lab,231,323
2015,16,fixed_0.3,known,lib,8,49
2015,16,fixed_0.3,known,natSW,59,8
2015,16,fixed_0.3,known,oth,4,0
2015,32,validation_all_rates,known,con,330,246
2015,32,validation_all_rates,known,lab,231,332
2015,32,validation_all_rates,known,lib,8,49
2015,32,validation_all_rates,known,natSW,59,5
2015,32,validation_all_rates,known,oth,4,0
2015,32,fixed_0.3,known,con,330,246
2015,32,fixed_0.3,known,lab,231,332
2015,32,fixed_0.3,known,lib,8,49
2015,32,fixed_0.3,known,natSW,59,5
2015,32,fixed_0.3,known,oth,4,0
2015,32_16,validation_all_rates,known,con,330,263
2015,32_16,validation_all_rates,known,lab,231,312
2015,32_16,validation_all_rates,known,lib,8,50
2015,32_16,validation_all_rates,known,natSW,59,7
2015,32_16,validation_all_rates,known,oth,4,0
2015,32_16,fixed_0.3,known,con,330,263
2015,32_16,fixed_0.3,known,lab,231,312
2015,32_16,fixed_0.3,known,lib,8,50
2015,32_16,fixed_0.3,known,natSW,59,7
2015,32_16,fixed_0.3,known,oth,4,0
2015,64_32,validation_all_rates,known,con,330,244
2015,64_32,validation_all_rates,known,lab,231,334
2015,64_32,validation_all_rates,known,lib,8,48
2015,64_32,validation_all_rates,known,natSW,59,6
2015,64_32,validation_all_rates,known,oth,4,0
2015,64_32,fixed_0.3,known,con,330,249
2015,64_32,fixed_0.3,known,lab,231,327
2015,64_32,fixed_0.3,known,lib,8,49
2015,64_32,fixed_0.3,known,natSW,59,7
2015,64_32,fixed_0.3,known,oth,4,0
2017,16,validation_all_rates,known,con,319,339
2017,16,validation_all_rates,known,lab,261,231
2017,16,validation_all_rates,known,lib,13,2
2017,16,validation_all_rates,known,natSW,37,60
2017,16,validation_all_rates,known,oth,2,0
2017,16,fixed_0.3,known,con,319,327
2017,16,fixed_0.3,known,lab,261,242
2017,16,fixed_0.3,known,lib,13,3
2017,16,fixed_0.3,known,natSW,37,60
2017,16,fixed_0.3,known,oth,2,0
2017,32,validation_all_rates,known,con,319,348
2017,32,validation_all_rates,known,lab,261,222
2017,32,validation_all_rates,known,lib,13,2
2017,32,validation_all_rates,known,natSW,37,60
2017,32,validation_all_rates,known,oth,2,0
2017,32,fixed_0.3,known,con,319,334
2017,32,fixed_0.3,known,lab,261,236
2017,32,fixed_0.3,known,lib,13,3
2017,32,fixed_0.3,known,natSW,37,59
2017,32,fixed_0.3,known,oth,2,0
2017,32_16,validation_all_rates,known,con,319,338
2017,32_16,validation_all_rates,known,lab,261,229
2017,32_16,validation_all_rates,known,lib,13,2
2017,32_16,validation_all_rates,known,natSW,37,63
2017,32_16,validation_all_rates,known,oth,2,0
2017,32_16,fixed_0.3,known,con,319,336
2017,32_16,fixed_0.3,known,lab,261,234
2017,32_16,fixed_0.3,known,lib,13,2
2017,32_16,fixed_0.3,known,natSW,37,60
2017,32_16,fixed_0.3,known,oth,2,0
2017,64_32,validation_all_rates,known,con,319,335
2017,64_32,validation_all_rates,known,lab,261,234
2017,64_32,validation_all_rates,known,lib,13,2
2017,64_32,validation_all_rates,known,natSW,37,61
2017,64_32,validation_all_rates,known,oth,2,0
2017,64_32,fixed_0.3,known,con,319,339
2017,64_32,fixed_0.3,known,lab,261,231
2017,64_32,fixed_0.3,known,lib,13,3
2017,64_32,fixed_0.3,known,natSW,37,59
2017,64_32,fixed_0.3,known,oth,2,0
2019,16,validation_all_rates,known,con,365,350
2019,16,validation_all_rates,known,lab,202,245
2019,16,validation_all_rates,known,lib,11,5
2019,16,validation_all_rates,known,natSW,52,32
2019,16,validation_all_rates,known,oth,2,0
2019,16,fixed_0.3,known,con,365,358
2019,16,fixed_0.3,known,lab,202,225
2019,16,fixed_0.3,known,lib,11,5
2019,16,fixed_0.3,known,natSW,52,44
2019,16,fixed_0.3,known,oth,2,0
2019,32,validation_all_rates,known,con,365,353
2019,32,validation_all_rates,known,lab,202,250
2019,32,validation_all_rates,known,lib,11,5
2019,32,validation_all_rates,known,natSW,52,24
2019,32,validation_all_rates,known,oth,2,0
2019,32,fixed_0.3,known,con,365,364
2019,32,fixed_0.3,known,lab,202,220
2019,32,fixed_0.3,known,lib,11,3
2019,32,fixed_0.3,known,natSW,52,45
2019,32,fixed_0.3,known,oth,2,0
2019,32_16,validation_all_rates,known,con,365,351
2019,32_16,validation_all_rates,known,lab,202,235
2019,32_16,validation_all_rates,known,lib,11,1
2019,32_16,validation_all_rates,known,natSW,52,45
2019,32_16,validation_all_rates,known,oth,2,0
2019,32_16,fixed_0.3,known,con,365,351
2019,32_16,fixed_0.3,known,lab,202,235
2019,32_16,fixed_0.3,known,lib,11,1
2019,32_16,fixed_0.3,known,natSW,52,45
2019,32_16,fixed_0.3,known,oth,2,0
2019,64_32,validation_all_rates,known,con,365,353
2019,64_32,validation_all_rates,known,lab,202,233
2019,64_32,validation_all_rates,known,lib,11,2
2019,64_32,validation_all_rates,known,natSW,52,44
2019,64_32,validation_all_rates,known,oth,2,0
2019,64_32,fixed_0.3,known,con,365,353
2019,64_32,fixed_0.3,known,lab,202,233
2019,64_32,fixed_0.3,known,lib,11,2
2019,64_32,fixed_0.3,known,natSW,52,44
2019,64_32,fixed_0.3,known,oth,2,0
