evaluation_year,architecture,policy,seed_accuracy_mean,seed_accuracy_sd,seed_accuracy_min,seed_accuracy_max,seed_changed_accuracy_sd
1997,16,fixed_0.3,0.6819032761310453,0.005811683232843908,0.6755070202808112,0.6926677067082684,0.013756311682682648
1997,16,validation_all_rates,0.6929797191887676,0.012562566027396907,0.6770670826833073,0.7145085803432137,0.04986526986680097
1997,32,fixed_0.3,0.6822152886115445,0.004097948685355324,0.6770670826833073,0.6879875195007801,0.010704360482220943
1997,32,validation_all_rates,0.693603744149766,0.017468364863760157,0.6739469578783152,0.733229329173167,0.06577859010853505
1997,32_16,fixed_0.3,0.6828393135725429,0.015054579730668162,0.6677067082683308,0.7207488299531981,0.06361846451917695
1997,32_16,validation_all_rates,0.6878315132605304,0.02214153063828074,0.6692667706708268,0.748829953198128,0.09984580125262042
1997,64_32,fixed_0.3,0.6794071762870515,0.006337003435753473,0.6677067082683308,0.6879875195007801,0.02383573705827263
1997,64_32,validation_all_rates,0.6956318252730109,0.027580228648506788,0.656786271450858,0.748829953198128,0.09478594305064439
2001,16,fixed_0.3,0.9279251170046802,0.025206798082996466,0.8736349453978159,0.9578783151326054,0.088823760862886
2001,16,validation_all_rates,0.9224648985959438,0.029371279379419524,0.8720748829953198,0.9578783151326054,0.09011737887504631
2001,32,fixed_0.3,0.9237129485179407,0.029245796004865522,0.8533541341653667,0.953198127925117,0.09378857231185629
2001,32,validation_all_rates,0.9290171606864275,0.024537599037761895,0.8845553822152886,0.9641185647425897,0.0856168611523469
2001,32_16,fixed_0.3,0.9145085803432137,0.02839523097002883,0.8627145085803433,0.9516380655226209,0.09043789220055393
2001,32_16,validation_all_rates,0.921216848673947,0.0231190042651814,0.8705148205928237,0.9516380655226209,0.05572889624371911
2001,64_32,fixed_0.3,0.9009360374414976,0.04804074759390915,0.8174726989079563,0.9656786271450858,0.11628575382741377
2001,64_32,validation_all_rates,0.9316692667706707,0.022557157294603763,0.8876755070202809,0.953198127925117,0.06273105439242341
2005,16,fixed_0.3,0.8065286624203821,0.019331819375238122,0.7866242038216561,0.8471337579617835,0.04051580836418427
2005,16,validation_all_rates,0.8093949044585986,0.032417486526314286,0.7643312101910829,0.8694267515923567,0.04692959683681607
2005,32,fixed_0.3,0.7910828025477707,0.025519692934770986,0.7547770700636943,0.8296178343949044,0.012944996269695148
2005,32,validation_all_rates,0.8082802547770701,0.04130725892476052,0.7643312101910829,0.9092356687898089,0.04089388008665985
2005,32_16,fixed_0.3,0.8019108280254776,0.038672381894314795,0.7229299363057324,0.8678343949044586,0.024879587586178555
2005,32_16,validation_all_rates,0.7955414012738854,0.038998834849193434,0.7388535031847133,0.8805732484076433,0.04765274570166867
2005,64_32,fixed_0.3,0.7993630573248407,0.04591218413016116,0.7181528662420382,0.8805732484076433,0.08683767488255847
2005,64_32,validation_all_rates,0.7957006369426752,0.04190215010066951,0.7404458598726115,0.89171974522293,0.09917411427228105
2010,16,fixed_0.3,0.8262658227848101,0.036577679181771856,0.7563291139240507,0.8734177215189873,0.011904761904761935
2010,16,validation_all_rates,0.8370253164556962,0.0364802035143261,0.7721518987341772,0.8718354430379747,0.14216100227169695
2010,32,fixed_0.3,0.8238924050632912,0.05185460243296046,0.7357594936708861,0.884493670886076,0.04839399196232821
2010,32,validation_all_rates,0.8325949367088608,0.055661829311357235,0.7120253164556962,0.8924050632911392,0.09689774164345064
2010,32_16,fixed_0.3,0.8367088607594937,0.047887274761150476,0.7420886075949367,0.8955696202531646,0.040151004652476334
2010,32_16,validation_all_rates,0.8531645569620252,0.030670636184204104,0.7974683544303798,0.8924050632911392,0.04125004294644915
2010,64_32,fixed_0.3,0.8495253164556962,0.0372308329637985,0.7911392405063291,0.8924050632911392,0.04690687691629892
2010,64_32,validation_all_rates,0.8746835443037975,0.025576634233165783,0.8243670886075949,0.9050632911392406,0.07758672274613268
2015,16,fixed_0.3,0.775,0.033737139115754704,0.7199367088607594,0.8243670886075949,0.03465251492162764
2015,16,validation_all_rates,0.777373417721519,0.027017916654100808,0.7468354430379747,0.8212025316455697,0.053886881304911614
2015,32,fixed_0.3,0.7574367088607594,0.02815734590598767,0.7056962025316456,0.7863924050632911,0.022802876920253515
2015,32,validation_all_rates,0.7574367088607594,0.02815734590598767,0.7056962025316456,0.7863924050632911,0.022802876920253515
2015,32_16,fixed_0.3,0.7849683544303797,0.036666172011637695,0.7136075949367089,0.8417721518987342,0.05559528734769982
2015,32_16,validation_all_rates,0.7849683544303797,0.036666172011637695,0.7136075949367089,0.8417721518987342,0.05559528734769982
2015,64_32,fixed_0.3,0.7713607594936709,0.013999166075935635,0.7563291139240507,0.8037974683544303,0.03112663155963173
2015,64_32,validation_all_rates,0.7593354430379746,0.030136763428759414,0.7009493670886076,0.8132911392405063,0.04931044494372202
2017,16,fixed_0.3,0.8843354430379747,0.018109236931683793,0.8481012658227848,0.9018987341772152,0.09845216800767392
2017,16,validation_all_rates,0.8814873417721518,0.019067021047812764,0.8465189873417721,0.8987341772151899,0.02674563195167286
2017,32,fixed_0.3,0.8925632911392405,0.011542080142763218,0.8718354430379747,0.9066455696202531,0.08960750091478152
2017,32,validation_all_rates,0.8783227848101266,0.02021425697581529,0.8401898734177216,0.8971518987341772,0.04407971429519738
2017,32_16,fixed_0.3,0.8806962025316455,0.01788900162506331,0.8417721518987342,0.8971518987341772,0.06334253644936015
2017,32_16,validation_all_rates,0.8715189873417721,0.02868344995968656,0.7974683544303798,0.8955696202531646,0.03070905345673824
2017,64_32,fixed_0.3,0.8784810126582279,0.02627408237781557,0.8164556962025317,0.8971518987341772,0.0450516673539175
2017,64_32,validation_all_rates,0.8819620253164556,0.01790454511711308,0.8481012658227848,0.9034810126582279,0.06052500030147482
2019,16,fixed_0.3,0.908860759493671,0.00797094324359178,0.8971518987341772,0.9224683544303798,0.11521822136682129
2019,16,validation_all_rates,0.8708860759493671,0.02150450410265317,0.8386075949367089,0.9129746835443038,0.12287748604772329
2019,32,fixed_0.3,0.9082278481012658,0.005920343966414447,0.8987341772151899,0.9177215189873418,0.15257233171531365
2019,32,validation_all_rates,0.8626582278481013,0.0168578470472346,0.8354430379746836,0.884493670886076,0.10472266206281682
2019,32_16,fixed_0.3,0.8875,0.03147324741625973,0.8370253164556962,0.9161392405063291,0.16105511598435412
2019,32_16,validation_all_rates,0.8875,0.03147324741625973,0.8370253164556962,0.9161392405063291,0.16105511598435412
2019,64_32,fixed_0.3,0.8933544303797468,0.020740660731193017,0.8512658227848101,0.9177215189873418,0.1577484702643086
2019,64_32,validation_all_rates,0.8933544303797468,0.020740660731193017,0.8512658227848101,0.9177215189873418,0.1577484702643086
