evaluation_year,architecture,policy,seed,accuracy,changed_accuracy,con_seats,lab_seats,lib_seats,natSW_seats,oth_seats
1997,16,validation_all_rates,101223,0.6848673946957878,0.05625,362,270,6,3,0
1997,16,validation_all_rates,101224,0.6879875195007801,0.05,365,262,6,8,0
1997,16,validation_all_rates,101225,0.6895475819032761,0.0625,363,265,6,7,0
1997,16,validation_all_rates,101226,0.7129485179407177,0.1625,347,282,6,6,0
1997,16,validation_all_rates,101227,0.7145085803432137,0.18125,341,292,6,2,0
1997,16,validation_all_rates,101228,0.6833073322932918,0.10625,361,280,0,0,0
1997,16,validation_all_rates,101229,0.6989079563182528,0.125,347,286,8,0,0
1997,16,validation_all_rates,101230,0.6770670826833073,0.04375,366,269,6,0,0
1997,16,validation_all_rates,101231,0.6848673946957878,0.05,365,266,6,4,0
1997,16,validation_all_rates,101232,0.6957878315132605,0.10625,355,277,6,3,0
1997,16,fixed_0.3,101223,0.6755070202808112,0.0375,367,268,6,0,0
1997,16,fixed_0.3,101224,0.6786271450858035,0.05625,370,258,6,7,0
1997,16,fixed_0.3,101225,0.6864274570982839,0.05625,364,266,6,5,0
1997,16,fixed_0.3,101226,0.6926677067082684,0.08125,360,269,6,6,0
1997,16,fixed_0.3,101227,0.6817472698907956,0.0375,368,262,5,6,0
1997,16,fixed_0.3,101228,0.6895475819032761,0.06875,361,268,6,6,0
1997,16,fixed_0.3,101229,0.6755070202808112,0.04375,367,269,5,0,0
1997,16,fixed_0.3,101230,0.6801872074882995,0.05,366,268,6,1,0
1997,16,fixed_0.3,101231,0.6801872074882995,0.05625,369,259,6,7,0
1997,16,fixed_0.3,101232,0.6786271450858035,0.0625,370,258,6,7,0
1997,32,validation_all_rates,101223,0.6879875195007801,0.05625,364,264,6,7,0
1997,32,validation_all_rates,101224,0.6848673946957878,0.04375,366,262,6,7,0
1997,32,validation_all_rates,101225,0.6879875195007801,0.05625,364,264,6,7,0
1997,32,validation_all_rates,101226,0.6801872074882995,0.05625,364,271,6,0,0
1997,32,validation_all_rates,101227,0.733229329173167,0.24375,333,296,6,6,0
1997,32,validation_all_rates,101228,0.6739469578783152,0.04375,372,258,6,5,0
1997,32,validation_all_rates,101229,0.7113884555382215,0.15,345,282,9,5,0
1997,32,validation_all_rates,101230,0.6864274570982839,0.04375,364,265,8,4,0
1997,32,validation_all_rates,101231,0.6879875195007801,0.05625,364,264,6,7,0
1997,32,validation_all_rates,101232,0.7020280811232449,0.11875,353,276,6,6,0
1997,32,fixed_0.3,101223,0.6770670826833073,0.03125,368,265,6,2,0
1997,32,fixed_0.3,101224,0.6770670826833073,0.04375,366,269,6,0,0
1997,32,fixed_0.3,101225,0.6817472698907956,0.04375,366,266,5,4,0
1997,32,fixed_0.3,101226,0.6786271450858035,0.04375,366,268,6,1,0
1997,32,fixed_0.3,101227,0.6817472698907956,0.03125,368,260,6,7,0
1997,32,fixed_0.3,101228,0.6848673946957878,0.04375,366,264,6,5,0
1997,32,fixed_0.3,101229,0.6879875195007801,0.0625,363,266,6,6,0
1997,32,fixed_0.3,101230,0.6879875195007801,0.0625,363,266,6,6,0
1997,32,fixed_0.3,101231,0.6801872074882995,0.05,369,259,6,7,0
1997,32,fixed_0.3,101232,0.6848673946957878,0.05,365,264,6,6,0
1997,32_16,validation_all_rates,101223,0.6786271450858035,0.05,369,266,6,0,0
1997,32_16,validation_all_rates,101224,0.6786271450858035,0.05,362,272,7,0,0
1997,32_16,validation_all_rates,101225,0.6692667706708268,0.05,374,267,0,0,0
1997,32_16,validation_all_rates,101226,0.6895475819032761,0.1,357,278,6,0,0
1997,32_16,validation_all_rates,101227,0.748829953198128,0.36875,314,327,0,0,0
1997,32_16,validation_all_rates,101228,0.6864274570982839,0.05,365,263,6,7,0
1997,32_16,validation_all_rates,101229,0.6848673946957878,0.05625,365,261,8,7,0
1997,32_16,validation_all_rates,101230,0.6801872074882995,0.05625,362,269,10,0,0
1997,32_16,validation_all_rates,101231,0.6833073322932918,0.04375,363,268,8,2,0
1997,32_16,validation_all_rates,101232,0.6786271450858035,0.05625,362,274,5,0,0
1997,32_16,fixed_0.3,101223,0.6708268330733229,0.04375,367,272,2,0,0
1997,32_16,fixed_0.3,101224,0.6677067082683308,0.04375,370,271,0,0,0
1997,32_16,fixed_0.3,101225,0.7207488299531981,0.25625,333,308,0,0,0
1997,32_16,fixed_0.3,101226,0.6786271450858035,0.05,363,271,7,0,0
1997,32_16,fixed_0.3,101227,0.6755070202808112,0.05625,371,259,5,6,0
1997,32_16,fixed_0.3,101228,0.6801872074882995,0.06875,367,262,6,6,0
1997,32_16,fixed_0.3,101229,0.6833073322932918,0.10625,359,281,1,0,0
1997,32_16,fixed_0.3,101230,0.6895475819032761,0.0875,361,273,5,2,0
1997,32_16,fixed_0.3,101231,0.6739469578783152,0.05625,372,256,6,7,0
1997,32_16,fixed_0.3,101232,0.6879875195007801,0.075,356,277,8,0,0
1997,64_32,validation_all_rates,101223,0.6879875195007801,0.05625,364,264,6,7,0
1997,64_32,validation_all_rates,101224,0.6833073322932918,0.04375,366,265,6,4,0
1997,64_32,validation_all_rates,101225,0.748829953198128,0.30625,322,307,5,7,0
1997,64_32,validation_all_rates,101226,0.6911076443057722,0.1,353,282,6,0,0
1997,64_32,validation_all_rates,101227,0.7082683307332294,0.19375,341,298,2,0,0
1997,64_32,validation_all_rates,101228,0.656786271450858,0.0375,383,250,6,2,0
1997,64_32,validation_all_rates,101229,0.734789391575663,0.225,313,316,12,0,0
1997,64_32,validation_all_rates,101230,0.6801872074882995,0.05625,364,270,7,0,0
1997,64_32,validation_all_rates,101231,0.6833073322932918,0.04375,365,266,6,4,0
1997,64_32,validation_all_rates,101232,0.6817472698907956,0.0625,363,272,6,0,0
1997,64_32,fixed_0.3,101223,0.6677067082683308,0.04375,373,268,0,0,0
1997,64_32,fixed_0.3,101224,0.672386895475819,0.0625,365,276,0,0,0
1997,64_32,fixed_0.3,101225,0.6879875195007801,0.125,353,288,0,0,0
1997,64_32,fixed_0.3,101226,0.6817472698907956,0.0625,361,274,6,0,0
1997,64_32,fixed_0.3,101227,0.6739469578783152,0.05625,373,256,5,7,0
1997,64_32,fixed_0.3,101228,0.6817472698907956,0.06875,367,261,6,7,0
1997,64_32,fixed_0.3,101229,0.6801872074882995,0.05625,366,269,6,0,0
1997,64_32,fixed_0.3,101230,0.6848673946957878,0.09375,359,279,3,0,0
1997,64_32,fixed_0.3,101231,0.6786271450858035,0.05625,369,259,6,7,0
1997,64_32,fixed_0.3,101232,0.6848673946957878,0.05625,362,270,6,3,0
2001,16,validation_all_rates,101223,0.9375975039001561,0.125,189,417,25,10,0
2001,16,validation_all_rates,101224,0.9547581903276131,0.25,153,421,58,9,0
2001,16,validation_all_rates,101225,0.9563182527301092,0.08333333333333333,165,422,42,12,0
2001,16,validation_all_rates,101226,0.9188767550702028,0.16666666666666666,180,429,22,10,0
2001,16,validation_all_rates,101227,0.9578783151326054,0.08333333333333333,164,424,43,10,0
2001,16,validation_all_rates,101228,0.8720748829953198,0.375,244,372,25,0,0
2001,16,validation_all_rates,101229,0.9001560062402496,0.25,219,398,15,9,0
2001,16,validation_all_rates,101230,0.9173166926677067,0.16666666666666666,203,410,19,9,0
2001,16,validation_all_rates,101231,0.890795631825273,0.25,225,389,17,10,0
2001,16,validation_all_rates,101232,0.9188767550702028,0.20833333333333334,192,426,23,0,0
2001,16,fixed_0.3,101223,0.9407176287051482,0.125,187,418,26,10,0
2001,16,fixed_0.3,101224,0.9578783151326054,0.08333333333333333,168,422,47,4,0
2001,16,fixed_0.3,101225,0.9407176287051482,0.08333333333333333,175,429,37,0,0
2001,16,fixed_0.3,101226,0.9438377535101404,0.08333333333333333,180,418,36,7,0
2001,16,fixed_0.3,101227,0.9313572542901716,0.16666666666666666,194,417,21,9,0
2001,16,fixed_0.3,101228,0.8736349453978159,0.375,243,373,25,0,0
2001,16,fixed_0.3,101229,0.9453978159126365,0.16666666666666666,183,420,28,10,0
2001,16,fixed_0.3,101230,0.9173166926677067,0.20833333333333334,205,417,14,5,0
2001,16,fixed_0.3,101231,0.8985959438377535,0.20833333333333334,216,414,9,2,0
2001,16,fixed_0.3,101232,0.9297971918876755,0.20833333333333334,196,417,28,0,0
2001,32,validation_all_rates,101223,0.8985959438377535,0.25,209,427,2,3,0
2001,32,validation_all_rates,101224,0.9578783151326054,0.25,161,420,51,9,0
2001,32,validation_all_rates,101225,0.9344773790951638,0.125,183,421,25,12,0
2001,32,validation_all_rates,101226,0.9344773790951638,0.125,191,415,25,10,0
2001,32,validation_all_rates,101227,0.9641185647425897,0.041666666666666664,167,418,46,10,0
2001,32,validation_all_rates,101228,0.9188767550702028,0.3333333333333333,204,417,20,0,0
2001,32,validation_all_rates,101229,0.9266770670826833,0.125,194,411,26,10,0
2001,32,validation_all_rates,101230,0.9453978159126365,0.16666666666666666,185,419,28,9,0
2001,32,validation_all_rates,101231,0.8845553822152886,0.125,170,439,19,13,0
2001,32,validation_all_rates,101232,0.9251170046801872,0.125,197,415,19,10,0
2001,32,fixed_0.3,101223,0.9001560062402496,0.25,190,435,12,4,0
2001,32,fixed_0.3,101224,0.953198127925117,0.08333333333333333,176,419,37,9,0
2001,32,fixed_0.3,101225,0.9407176287051482,0.20833333333333334,187,422,28,4,0
2001,32,fixed_0.3,101226,0.9375975039001561,0.16666666666666666,190,419,23,9,0
2001,32,fixed_0.3,101227,0.9235569422776911,0.25,203,397,32,9,0
2001,32,fixed_0.3,101228,0.9329173166926678,0.3333333333333333,196,416,27,2,0
2001,32,fixed_0.3,101229,0.9422776911076443,0.125,185,418,27,11,0
2001,32,fixed_0.3,101230,0.9407176287051482,0.125,182,423,32,4,0
2001,32,fixed_0.3,101231,0.8533541341653667,0.375,254,369,10,8,0
2001,32,fixed_0.3,101232,0.9126365054602185,0.25,211,394,26,10,0
2001,32_16,validation_all_rates,101223,0.9297971918876755,0.125,190,415,22,14,0
2001,32_16,validation_all_rates,101224,0.9017160686427457,0.16666666666666666,210,419,12,0,0
2001,32_16,validation_all_rates,101225,0.9235569422776911,0.16666666666666666,171,432,27,11,0
2001,32_16,validation_all_rates,101226,0.9344773790951638,0.041666666666666664,186,409,36,10,0
2001,32_16,validation_all_rates,101227,0.9297971918876755,0.125,192,400,40,9,0
2001,32_16,validation_all_rates,101228,0.8705148205928237,0.25,201,440,0,0,0
2001,32_16,validation_all_rates,101229,0.9235569422776911,0.20833333333333334,201,419,16,5,0
2001,32_16,validation_all_rates,101230,0.9516380655226209,0.125,174,417,50,0,0
2001,32_16,validation_all_rates,101231,0.9407176287051482,0.16666666666666666,184,417,35,5,0
2001,32_16,validation_all_rates,101232,0.906396255850234,0.16666666666666666,161,444,36,0,0
2001,32_16,fixed_0.3,101223,0.8939157566302652,0.20833333333333334,219,420,2,0,0
2001,32_16,fixed_0.3,101224,0.9516380655226209,0.08333333333333333,169,419,53,0,0
2001,32_16,fixed_0.3,101225,0.8970358814352574,0.25,202,431,8,0,0
2001,32_16,fixed_0.3,101226,0.9141965678627145,0.125,204,415,12,10,0
2001,32_16,fixed_0.3,101227,0.8627145085803433,0.375,245,396,0,0,0
2001,32_16,fixed_0.3,101228,0.8892355694227769,0.20833333333333334,214,427,0,0,0
2001,32_16,fixed_0.3,101229,0.9438377535101404,0.08333333333333333,181,418,36,6,0
2001,32_16,fixed_0.3,101230,0.9344773790951638,0.25,188,424,29,0,0
2001,32_16,fixed_0.3,101231,0.9375975039001561,0.125,189,417,25,10,0
2001,32_16,fixed_0.3,101232,0.9204368174726989,0.20833333333333334,203,415,23,0,0
2001,64_32,validation_all_rates,101223,0.9032761310452418,0.16666666666666666,175,437,19,10,0
2001,64_32,validation_all_rates,101224,0.9469578783151326,0.20833333333333334,149,419,62,11,0
2001,64_32,validation_all_rates,101225,0.9173166926677067,0.16666666666666666,164,438,28,11,0
2001,64_32,validation_all_rates,101226,0.953198127925117,0.16666666666666666,162,419,48,12,0
2001,64_32,validation_all_rates,101227,0.9500780031201248,0.08333333333333333,169,423,40,9,0
2001,64_32,validation_all_rates,101228,0.8876755070202809,0.20833333333333334,223,418,0,0,0
2001,64_32,validation_all_rates,101229,0.9485179407176287,0.041666666666666664,172,420,38,11,0
2001,64_32,validation_all_rates,101230,0.9251170046801872,0.16666666666666666,198,419,17,7,0
2001,64_32,validation_all_rates,101231,0.9469578783151326,0.16666666666666666,183,416,34,8,0
2001,64_32,validation_all_rates,101232,0.9375975039001561,0.041666666666666664,184,412,35,10,0
2001,64_32,fixed_0.3,101223,0.9048361934477379,0.20833333333333334,213,415,8,5,0
2001,64_32,fixed_0.3,101224,0.9656786271450858,0.08333333333333333,168,419,45,9,0
2001,64_32,fixed_0.3,101225,0.8939157566302652,0.16666666666666666,205,431,3,2,0
2001,64_32,fixed_0.3,101226,0.9375975039001561,0.20833333333333334,193,410,28,10,0
2001,64_32,fixed_0.3,101227,0.8174726989079563,0.4166666666666667,276,365,0,0,0
2001,64_32,fixed_0.3,101228,0.8299531981279251,0.4166666666666667,266,375,0,0,0
2001,64_32,fixed_0.3,101229,0.9500780031201248,0.08333333333333333,178,419,35,9,0
2001,64_32,fixed_0.3,101230,0.8954758190327613,0.25,190,433,18,0,0
2001,64_32,fixed_0.3,101231,0.9251170046801872,0.16666666666666666,199,416,20,6,0
2001,64_32,fixed_0.3,101232,0.8892355694227769,0.20833333333333334,215,426,0,0,0
2005,16,validation_all_rates,101223,0.7643312101910829,0.6140350877192983,328,256,33,11,0
2005,16,validation_all_rates,101224,0.7643312101910829,0.6491228070175439,332,251,35,10,0
2005,16,validation_all_rates,101225,0.8694267515923567,0.5263157894736842,248,319,50,11,0
2005,16,validation_all_rates,101226,0.8184713375796179,0.5263157894736842,283,287,48,10,0
2005,16,validation_all_rates,101227,0.8168789808917197,0.6140350877192983,296,282,41,9,0
2005,16,validation_all_rates,101228,0.8136942675159236,0.6666666666666666,301,276,39,12,0
2005,16,validation_all_rates,101229,0.8375796178343949,0.6140350877192983,280,300,38,10,0
2005,16,validation_all_rates,101230,0.7898089171974523,0.631578947368421,312,268,38,10,0
2005,16,validation_all_rates,101231,0.7945859872611465,0.6140350877192983,311,277,31,9,0
2005,16,validation_all_rates,101232,0.8248407643312102,0.5789473684210527,285,301,32,10,0
2005,16,fixed_0.3,101223,0.7866242038216561,0.6140350877192983,316,265,37,10,0
2005,16,fixed_0.3,101224,0.802547770700637,0.6491228070175439,306,270,41,11,0
2005,16,fixed_0.3,101225,0.8328025477707006,0.631578947368421,283,292,41,12,0
2005,16,fixed_0.3,101226,0.8057324840764332,0.5263157894736842,292,279,48,9,0
2005,16,fixed_0.3,101227,0.8471337579617835,0.5789473684210527,270,310,38,10,0
2005,16,fixed_0.3,101228,0.7914012738853503,0.6666666666666666,315,267,34,12,0
2005,16,fixed_0.3,101229,0.8105095541401274,0.6491228070175439,302,280,37,9,0
2005,16,fixed_0.3,101230,0.8009554140127388,0.5964912280701754,302,281,36,9,0
2005,16,fixed_0.3,101231,0.7914012738853503,0.6140350877192983,313,274,32,9,0
2005,16,fixed_0.3,101232,0.7961783439490446,0.6140350877192983,307,280,30,11,0
2005,32,validation_all_rates,101223,0.7738853503184714,0.6140350877192983,322,268,31,7,0
2005,32,validation_all_rates,101224,0.8057324840764332,0.6140350877192983,299,272,49,8,0
2005,32,validation_all_rates,101225,0.8312101910828026,0.6140350877192983,284,293,41,10,0
2005,32,validation_all_rates,101226,0.7643312101910829,0.6491228070175439,331,251,36,10,0
2005,32,validation_all_rates,101227,0.7898089171974523,0.6491228070175439,316,264,39,9,0
2005,32,validation_all_rates,101228,0.7977707006369427,0.5789473684210527,302,284,32,10,0
2005,32,validation_all_rates,101229,0.8248407643312102,0.5789473684210527,285,302,31,10,0
2005,32,validation_all_rates,101230,0.9092356687898089,0.5087719298245614,223,354,42,9,0
2005,32,validation_all_rates,101231,0.7802547770700637,0.5789473684210527,315,281,23,9,0
2005,32,validation_all_rates,101232,0.8057324840764332,0.5964912280701754,299,283,35,11,0
2005,32,fixed_0.3,101223,0.8009554140127388,0.6140350877192983,304,283,32,9,0
2005,32,fixed_0.3,101224,0.7977707006369427,0.631578947368421,309,268,40,11,0
2005,32,fixed_0.3,101225,0.8296178343949044,0.6140350877192983,285,296,37,10,0
2005,32,fixed_0.3,101226,0.7993630573248408,0.631578947368421,305,277,35,11,0
2005,32,fixed_0.3,101227,0.7914012738853503,0.6140350877192983,311,268,39,10,0
2005,32,fixed_0.3,101228,0.7643312101910829,0.631578947368421,329,253,35,11,0
2005,32,fixed_0.3,101229,0.7579617834394905,0.631578947368421,333,253,32,10,0
2005,32,fixed_0.3,101230,0.8232484076433121,0.6491228070175439,292,286,38,12,0
2005,32,fixed_0.3,101231,0.7547770700636943,0.6491228070175439,339,248,33,8,0
2005,32,fixed_0.3,101232,0.7914012738853503,0.631578947368421,312,268,36,12,0
2005,32_16,validation_all_rates,101223,0.7818471337579618,0.5789473684210527,311,264,42,11,0
2005,32_16,validation_all_rates,101224,0.7977707006369427,0.631578947368421,309,270,38,11,0
2005,32_16,validation_all_rates,101225,0.8805732484076433,0.49122807017543857,241,346,32,9,0
2005,32_16,validation_all_rates,101226,0.7388535031847133,0.6140350877192983,343,234,41,10,0
2005,32_16,validation_all_rates,101227,0.767515923566879,0.631578947368421,330,257,33,8,0
2005,32_16,validation_all_rates,101228,0.8184713375796179,0.6666666666666666,292,276,44,16,0
2005,32_16,validation_all_rates,101229,0.7770700636942676,0.631578947368421,322,262,34,10,0
2005,32_16,validation_all_rates,101230,0.7993630573248408,0.5964912280701754,302,279,36,11,0
2005,32_16,validation_all_rates,101231,0.7707006369426752,0.6140350877192983,325,266,30,7,0
2005,32_16,validation_all_rates,101232,0.8232484076433121,0.5789473684210527,285,296,36,11,0
2005,32_16,fixed_0.3,101223,0.785031847133758,0.5964912280701754,309,270,37,12,0
2005,32_16,fixed_0.3,101224,0.7882165605095541,0.631578947368421,315,268,34,11,0
2005,32_16,fixed_0.3,101225,0.8328025477707006,0.5789473684210527,282,312,26,8,0
2005,32_16,fixed_0.3,101226,0.7229299363057324,0.631578947368421,355,223,40,10,0
2005,32_16,fixed_0.3,101227,0.7802547770700637,0.631578947368421,322,264,34,8,0
2005,32_16,fixed_0.3,101228,0.8312101910828026,0.6491228070175439,283,287,44,14,0
2005,32_16,fixed_0.3,101229,0.8121019108280255,0.5789473684210527,295,291,34,8,0
2005,32_16,fixed_0.3,101230,0.8678343949044586,0.5964912280701754,253,328,46,1,0
2005,32_16,fixed_0.3,101231,0.7977707006369427,0.5964912280701754,304,277,37,10,0
2005,32_16,fixed_0.3,101232,0.8009554140127388,0.5964912280701754,301,282,34,11,0
2005,64_32,validation_all_rates,101223,0.785031847133758,0.631578947368421,317,268,35,8,0
2005,64_32,validation_all_rates,101224,0.7818471337579618,0.6140350877192983,317,263,37,11,0
2005,64_32,validation_all_rates,101225,0.89171974522293,0.3157894736842105,210,376,32,10,0
2005,64_32,validation_all_rates,101226,0.767515923566879,0.6491228070175439,329,252,38,9,0
2005,64_32,validation_all_rates,101227,0.7707006369426752,0.6140350877192983,325,257,36,10,0
2005,64_32,validation_all_rates,101228,0.8248407643312102,0.5964912280701754,288,297,33,10,0
2005,64_32,validation_all_rates,101229,0.7404458598726115,0.6491228070175439,348,237,36,7,0
2005,64_32,validation_all_rates,101230,0.8009554140127388,0.631578947368421,306,274,38,10,0
2005,64_32,validation_all_rates,101231,0.7754777070063694,0.631578947368421,322,264,34,8,0
2005,64_32,validation_all_rates,101232,0.8184713375796179,0.5964912280701754,290,293,34,11,0
2005,64_32,fixed_0.3,101223,0.8407643312101911,0.5614035087719298,274,303,42,9,0
2005,64_32,fixed_0.3,101224,0.7579617834394905,0.631578947368421,334,249,34,11,0
2005,64_32,fixed_0.3,101225,0.8805732484076433,0.3684210526315789,223,369,26,10,0
2005,64_32,fixed_0.3,101226,0.7659235668789809,0.631578947368421,329,251,39,9,0
2005,64_32,fixed_0.3,101227,0.7914012738853503,0.631578947368421,314,264,41,9,0
2005,64_32,fixed_0.3,101228,0.8009554140127388,0.631578947368421,307,280,31,10,0
2005,64_32,fixed_0.3,101229,0.7181528662420382,0.6491228070175439,363,225,33,7,0
2005,64_32,fixed_0.3,101230,0.7929936305732485,0.6491228070175439,313,269,35,11,0
2005,64_32,fixed_0.3,101231,0.8168789808917197,0.5263157894736842,283,288,46,11,0
2005,64_32,fixed_0.3,101232,0.8280254777070064,0.5964912280701754,285,290,42,11,0
2010,16,validation_all_rates,101223,0.8639240506329114,0.8303571428571429,372,213,40,7,0
2010,16,validation_all_rates,101224,0.8623417721518988,0.8125,360,213,53,6,0
2010,16,validation_all_rates,101225,0.8686708860759493,0.4017857142857143,263,302,63,3,1
2010,16,validation_all_rates,101226,0.8528481012658228,0.8571428571428571,381,202,43,6,0
2010,16,validation_all_rates,101227,0.8560126582278481,0.8660714285714286,383,209,36,4,0
2010,16,validation_all_rates,101228,0.8718354430379747,0.7767857142857143,352,230,44,6,0
2010,16,validation_all_rates,101229,0.7721518987341772,0.8839285714285714,442,162,18,10,0
2010,16,validation_all_rates,101230,0.8259493670886076,0.75,369,182,73,8,0
2010,16,validation_all_rates,101231,0.8132911392405063,0.8214285714285714,401,176,49,6,0
2010,16,validation_all_rates,101232,0.7832278481012658,0.875,428,171,29,4,0
2010,16,fixed_0.3,101223,0.8734177215189873,0.8482142857142857,369,232,31,0,0
2010,16,fixed_0.3,101224,0.8164556962025317,0.875,412,185,29,6,0
2010,16,fixed_0.3,101225,0.7958860759493671,0.875,426,173,27,6,0
2010,16,fixed_0.3,101226,0.8496835443037974,0.8660714285714286,389,216,21,6,0
2010,16,fixed_0.3,101227,0.8623417721518988,0.8571428571428571,378,229,22,3,0
2010,16,fixed_0.3,101228,0.8243670886075949,0.8660714285714286,402,191,37,2,0
2010,16,fixed_0.3,101229,0.8623417721518988,0.8482142857142857,369,227,34,2,0
2010,16,fixed_0.3,101230,0.7563291139240507,0.875,448,162,21,1,0
2010,16,fixed_0.3,101231,0.8227848101265823,0.8660714285714286,405,184,37,6,0
2010,16,fixed_0.3,101232,0.7990506329113924,0.8839285714285714,421,172,31,8,0
2010,32,validation_all_rates,101223,0.7895569620253164,0.875,423,159,40,10,0
2010,32,validation_all_rates,101224,0.8876582278481012,0.5892857142857143,301,286,40,5,0
2010,32,validation_all_rates,101225,0.7120253164556962,0.875,480,127,21,4,0
2010,32,validation_all_rates,101226,0.814873417721519,0.8839285714285714,413,186,22,11,0
2010,32,validation_all_rates,101227,0.8876582278481012,0.6875,324,272,32,4,0
2010,32,validation_all_rates,101228,0.8591772151898734,0.8392857142857143,372,221,36,3,0
2010,32,validation_all_rates,101229,0.8924050632911392,0.8303571428571429,352,232,42,6,0
2010,32,validation_all_rates,101230,0.8496835443037974,0.7678571428571429,358,194,70,10,0
2010,32,validation_all_rates,101231,0.819620253164557,0.8125,397,183,48,4,0
2010,32,validation_all_rates,101232,0.8132911392405063,0.875,414,195,20,3,0
2010,32,fixed_0.3,101223,0.8591772151898734,0.8660714285714286,382,216,28,6,0
2010,32,fixed_0.3,101224,0.8781645569620253,0.8571428571428571,368,220,37,7,0
2010,32,fixed_0.3,101225,0.7357594936708861,0.8839285714285714,466,149,16,1,0
2010,32,fixed_0.3,101226,0.7642405063291139,0.875,446,158,22,6,0
2010,32,fixed_0.3,101227,0.884493670886076,0.7232142857142857,335,264,28,5,0
2010,32,fixed_0.3,101228,0.8322784810126582,0.8303571428571429,388,190,49,5,0
2010,32,fixed_0.3,101229,0.8781645569620253,0.8660714285714286,372,227,27,6,0
2010,32,fixed_0.3,101230,0.7974683544303798,0.875,424,177,25,6,0
2010,32,fixed_0.3,101231,0.7879746835443038,0.875,432,166,28,6,0
2010,32,fixed_0.3,101232,0.8212025316455697,0.8839285714285714,411,190,23,8,0
2010,32_16,validation_all_rates,101223,0.8924050632911392,0.7767857142857143,341,236,49,6,0
2010,32_16,validation_all_rates,101224,0.8781645569620253,0.7678571428571429,344,253,27,8,0
2010,32_16,validation_all_rates,101225,0.8180379746835443,0.875,405,203,18,6,0
2010,32_16,validation_all_rates,101226,0.8528481012658228,0.8571428571428571,378,204,38,12,0
2010,32_16,validation_all_rates,101227,0.8670886075949367,0.8482142857142857,371,223,34,4,0
2010,32_16,validation_all_rates,101228,0.8544303797468354,0.8125,367,222,39,4,0
2010,32_16,validation_all_rates,101229,0.8876582278481012,0.7678571428571429,340,238,45,9,0
2010,32_16,validation_all_rates,101230,0.7974683544303798,0.8482142857142857,417,187,22,6,0
2010,32_16,validation_all_rates,101231,0.8544303797468354,0.8214285714285714,373,209,45,5,0
2010,32_16,validation_all_rates,101232,0.8291139240506329,0.8660714285714286,398,213,20,1,0
2010,32_16,fixed_0.3,101223,0.8544303797468354,0.8482142857142857,382,212,30,8,0
2010,32_16,fixed_0.3,101224,0.8575949367088608,0.8482142857142857,379,215,34,4,0
2010,32_16,fixed_0.3,101225,0.7420886075949367,0.875,460,146,22,4,0
2010,32_16,fixed_0.3,101226,0.7753164556962026,0.8839285714285714,434,156,34,8,0
2010,32_16,fixed_0.3,101227,0.8892405063291139,0.7946428571428571,347,249,31,5,0
2010,32_16,fixed_0.3,101228,0.8417721518987342,0.8660714285714286,394,198,35,5,0
2010,32_16,fixed_0.3,101229,0.8955696202531646,0.7589285714285714,335,243,47,7,0
2010,32_16,fixed_0.3,101230,0.8164556962025317,0.875,412,195,22,3,0
2010,32_16,fixed_0.3,101231,0.8354430379746836,0.8214285714285714,388,194,45,5,0
2010,32_16,fixed_0.3,101232,0.8591772151898734,0.8214285714285714,373,210,45,4,0
2010,64_32,validation_all_rates,101223,0.8860759493670886,0.8214285714285714,355,227,42,8,0
2010,64_32,validation_all_rates,101224,0.8639240506329114,0.8214285714285714,366,230,29,7,0
2010,64_32,validation_all_rates,101225,0.8607594936708861,0.8571428571428571,376,228,19,9,0
2010,64_32,validation_all_rates,101226,0.8243670886075949,0.8839285714285714,405,187,28,12,0
2010,64_32,validation_all_rates,101227,0.9003164556962026,0.8303571428571429,348,242,37,5,0
2010,64_32,validation_all_rates,101228,0.8924050632911392,0.7857142857142857,338,240,50,4,0
2010,64_32,validation_all_rates,101229,0.8924050632911392,0.7678571428571429,331,252,42,7,0
2010,64_32,validation_all_rates,101230,0.8481012658227848,0.7589285714285714,362,195,66,9,0
2010,64_32,validation_all_rates,101231,0.8734177215189873,0.6071428571428571,314,289,24,5,0
2010,64_32,validation_all_rates,101232,0.9050632911392406,0.7410714285714286,326,244,54,8,0
2010,64_32,fixed_0.3,101223,0.8924050632911392,0.7946428571428571,342,248,41,1,0
2010,64_32,fixed_0.3,101224,0.8117088607594937,0.8660714285714286,413,180,34,5,0
2010,64_32,fixed_0.3,101225,0.7911392405063291,0.875,430,171,25,6,0
2010,64_32,fixed_0.3,101226,0.8354430379746836,0.875,401,201,24,6,0
2010,64_32,fixed_0.3,101227,0.8765822784810127,0.8660714285714286,374,225,27,6,0
2010,64_32,fixed_0.3,101228,0.8892405063291139,0.7678571428571429,339,236,51,6,0
2010,64_32,fixed_0.3,101229,0.8765822784810127,0.7410714285714286,341,262,23,6,0
2010,64_32,fixed_0.3,101230,0.8433544303797469,0.8214285714285714,383,197,46,6,0
2010,64_32,fixed_0.3,101231,0.805379746835443,0.8214285714285714,408,173,46,5,0
2010,64_32,fixed_0.3,101232,0.8734177215189873,0.8392857142857143,368,217,40,7,0
2015,16,validation_all_rates,101223,0.7468354430379747,0.13761467889908258,242,341,48,1,0
2015,16,validation_all_rates,101224,0.754746835443038,0.14678899082568808,244,336,46,6,0
2015,16,validation_all_rates,101225,0.805379746835443,0.06422018348623854,286,286,54,6,0
2015,16,validation_all_rates,101226,0.754746835443038,0.13761467889908258,239,333,51,9,0
2015,16,validation_all_rates,101227,0.7531645569620253,0.11009174311926606,244,323,59,6,0
2015,16,validation_all_rates,101228,0.7895569620253164,0.1743119266055046,258,317,46,11,0
2015,16,validation_all_rates,101229,0.7563291139240507,0.1651376146788991,241,342,44,5,0
2015,16,validation_all_rates,101230,0.8212025316455697,0.03669724770642202,299,269,55,9,0
2015,16,validation_all_rates,101231,0.7911392405063291,0.2018348623853211,257,320,43,11,1
2015,16,validation_all_rates,101232,0.8006329113924051,0.06422018348623854,282,290,53,7,0
2015,16,fixed_0.3,101223,0.759493670886076,0.12844036697247707,247,332,48,5,0
2015,16,fixed_0.3,101224,0.7674050632911392,0.1834862385321101,250,333,43,6,0
2015,16,fixed_0.3,101225,0.8085443037974683,0.09174311926605505,281,289,53,9,0
2015,16,fixed_0.3,101226,0.7199367088607594,0.14678899082568808,218,353,56,5,0
2015,16,fixed_0.3,101227,0.745253164556962,0.11926605504587157,236,335,55,6,0
2015,16,fixed_0.3,101228,0.7737341772151899,0.1743119266055046,249,328,45,10,0
2015,16,fixed_0.3,101229,0.7484177215189873,0.14678899082568808,238,342,47,5,0
2015,16,fixed_0.3,101230,0.8243670886075949,0.12844036697247707,300,279,46,7,0
2015,16,fixed_0.3,101231,0.7879746835443038,0.2018348623853211,256,322,43,11,0
2015,16,fixed_0.3,101232,0.814873417721519,0.1834862385321101,278,301,42,11,0
2015,32,validation_all_rates,101223,0.7674050632911392,0.13761467889908258,248,329,48,7,0
2015,32,validation_all_rates,101224,0.7579113924050633,0.13761467889908258,244,335,48,5,0
2015,32,validation_all_rates,101225,0.7341772151898734,0.14678899082568808,223,352,48,9,0
2015,32,validation_all_rates,101226,0.7800632911392406,0.11009174311926606,258,310,55,9,0
2015,32,validation_all_rates,101227,0.7863924050632911,0.11009174311926606,269,310,48,5,0
2015,32,validation_all_rates,101228,0.7484177215189873,0.14678899082568808,236,339,52,5,0
2015,32,validation_all_rates,101229,0.7262658227848101,0.1651376146788991,220,360,47,5,0
2015,32,validation_all_rates,101230,0.7832278481012658,0.10091743119266056,263,308,54,7,0
2015,32,validation_all_rates,101231,0.7056962025316456,0.14678899082568808,207,368,50,7,0
2015,32,validation_all_rates,101232,0.7848101265822784,0.10091743119266056,266,308,51,7,0
2015,32,fixed_0.3,101223,0.7674050632911392,0.13761467889908258,248,329,48,7,0
2015,32,fixed_0.3,101224,0.7579113924050633,0.13761467889908258,244,335,48,5,0
2015,32,fixed_0.3,101225,0.7341772151898734,0.14678899082568808,223,352,48,9,0
2015,32,fixed_0.3,101226,0.7800632911392406,0.11009174311926606,258,310,55,9,0
2015,32,fixed_0.3,101227,0.7863924050632911,0.11009174311926606,269,310,48,5,0
2015,32,fixed_0.3,101228,0.7484177215189873,0.14678899082568808,236,339,52,5,0
2015,32,fixed_0.3,101229,0.7262658227848101,0.1651376146788991,220,360,47,5,0
2015,32,fixed_0.3,101230,0.7832278481012658,0.10091743119266056,263,308,54,7,0
2015,32,fixed_0.3,101231,0.7056962025316456,0.14678899082568808,207,368,50,7,0
2015,32,fixed_0.3,101232,0.7848101265822784,0.10091743119266056,266,308,51,7,0
2015,32_16,validation_all_rates,101223,0.8037974683544303,0.08256880733944955,278,290,55,9,0
2015,32_16,validation_all_rates,101224,0.805379746835443,0.14678899082568808,278,299,47,8,0
2015,32_16,validation_all_rates,101225,0.7136075949367089,0.13761467889908258,215,361,51,5,0
2015,32_16,validation_all_rates,101226,0.7721518987341772,0.11926605504587157,256,315,56,5,0
2015,32_16,validation_all_rates,101227,0.810126582278481,0.06422018348623854,297,279,54,2,0
2015,32_16,validation_all_rates,101228,0.7927215189873418,0.07339449541284404,273,296,55,8,0
2015,32_16,validation_all_rates,101229,0.7610759493670886,0.1926605504587156,238,344,41,9,0
2015,32_16,validation_all_rates,101230,0.8417721518987342,0.22018348623853212,300,288,35,9,0
2015,32_16,validation_all_rates,101231,0.7484177215189873,0.14678899082568808,236,343,47,6,0
2015,32_16,validation_all_rates,101232,0.8006329113924051,0.05504587155963303,281,286,55,10,0
2015,32_16,fixed_0.3,101223,0.8037974683544303,0.08256880733944955,278,290,55,9,0
2015,32_16,fixed_0.3,101224,0.805379746835443,0.14678899082568808,278,299,47,8,0
2015,32_16,fixed_0.3,101225,0.7136075949367089,0.13761467889908258,215,361,51,5,0
2015,32_16,fixed_0.3,101226,0.7721518987341772,0.11926605504587157,256,315,56,5,0
2015,32_16,fixed_0.3,101227,0.810126582278481,0.06422018348623854,297,279,54,2,0
2015,32_16,fixed_0.3,101228,0.7927215189873418,0.07339449541284404,273,296,55,8,0
2015,32_16,fixed_0.3,101229,0.7610759493670886,0.1926605504587156,238,344,41,9,0
2015,32_16,fixed_0.3,101230,0.8417721518987342,0.22018348623853212,300,288,35,9,0
2015,32_16,fixed_0.3,101231,0.7484177215189873,0.14678899082568808,236,343,47,6,0
2015,32_16,fixed_0.3,101232,0.8006329113924051,0.05504587155963303,281,286,55,10,0
2015,64_32,validation_all_rates,101223,0.7768987341772152,0.1926605504587156,255,331,41,5,0
2015,64_32,validation_all_rates,101224,0.7721518987341772,0.1559633027522936,251,330,46,5,0
2015,64_32,validation_all_rates,101225,0.7484177215189873,0.11009174311926606,241,331,55,5,0
2015,64_32,validation_all_rates,101226,0.7689873417721519,0.1926605504587156,247,348,32,5,0
2015,64_32,validation_all_rates,101227,0.7357594936708861,0.22018348623853212,224,361,40,7,0
2015,64_32,validation_all_rates,101228,0.7009493670886076,0.1559633027522936,205,374,48,5,0
2015,64_32,validation_all_rates,101229,0.7610759493670886,0.12844036697247707,244,327,53,8,0
2015,64_32,validation_all_rates,101230,0.7753164556962026,0.12844036697247707,256,319,52,5,0
2015,64_32,validation_all_rates,101231,0.740506329113924,0.21100917431192662,221,353,44,14,0
2015,64_32,validation_all_rates,101232,0.8132911392405063,0.06422018348623854,289,277,55,11,0
2015,64_32,fixed_0.3,101223,0.7705696202531646,0.13761467889908258,253,323,51,5,0
2015,64_32,fixed_0.3,101224,0.7753164556962026,0.22018348623853212,252,337,38,5,0
2015,64_32,fixed_0.3,101225,0.7579113924050633,0.13761467889908258,240,331,52,9,0
2015,64_32,fixed_0.3,101226,0.7563291139240507,0.13761467889908258,241,334,50,7,0
2015,64_32,fixed_0.3,101227,0.7737341772151899,0.13761467889908258,253,322,50,7,0
2015,64_32,fixed_0.3,101228,0.759493670886076,0.12844036697247707,248,330,49,5,0
2015,64_32,fixed_0.3,101229,0.7689873417721519,0.14678899082568808,246,328,49,9,0
2015,64_32,fixed_0.3,101230,0.7658227848101266,0.11926605504587157,252,322,52,6,0
2015,64_32,fixed_0.3,101231,0.7816455696202531,0.12844036697247707,257,314,51,10,0
2015,64_32,fixed_0.3,101232,0.8037974683544303,0.10091743119266056,279,297,49,7,0
2017,16,validation_all_rates,101223,0.8955696202531646,0.1044776119402985,335,239,2,56,0
2017,16,validation_all_rates,101224,0.8908227848101266,0.08955223880597014,340,231,1,60,0
2017,16,validation_all_rates,101225,0.8765822784810127,0.08955223880597014,346,223,1,62,0
2017,16,validation_all_rates,101226,0.8971518987341772,0.08955223880597014,335,236,2,59,0
2017,16,validation_all_rates,101227,0.8987341772151899,0.11940298507462686,337,235,6,54,0
2017,16,validation_all_rates,101228,0.8623417721518988,0.1044776119402985,355,212,1,64,0
2017,16,validation_all_rates,101229,0.8908227848101266,0.07462686567164178,333,234,3,62,0
2017,16,validation_all_rates,101230,0.8971518987341772,0.07462686567164178,328,236,8,60,0
2017,16,validation_all_rates,101231,0.8591772151898734,0.16417910447761194,368,202,1,61,0
2017,16,validation_all_rates,101232,0.8465189873417721,0.11940298507462686,369,198,2,63,0
2017,16,fixed_0.3,101223,0.8955696202531646,0.11940298507462686,331,242,2,57,0
2017,16,fixed_0.3,101224,0.9003164556962026,0.13432835820895522,330,240,2,60,0
2017,16,fixed_0.3,101225,0.9018987341772152,0.23880597014925373,311,256,5,60,0
2017,16,fixed_0.3,101226,0.8860759493670886,0.26865671641791045,324,273,5,30,0
2017,16,fixed_0.3,101227,0.8765822784810127,0.3582089552238806,289,283,5,55,0
2017,16,fixed_0.3,101228,0.8955696202531646,0.08955223880597014,334,235,2,61,0
2017,16,fixed_0.3,101229,0.884493670886076,0.31343283582089554,292,276,3,61,0
2017,16,fixed_0.3,101230,0.8591772151898734,0.2835820895522388,323,296,13,0,0
2017,16,fixed_0.3,101231,0.8481012658227848,0.16417910447761194,335,294,3,0,0
2017,16,fixed_0.3,101232,0.8955696202531646,0.08955223880597014,335,235,1,61,0
2017,32,validation_all_rates,101223,0.8401898734177216,0.1791044776119403,381,187,13,51,0
2017,32,validation_all_rates,101224,0.8496835443037974,0.1791044776119403,378,193,1,60,0
2017,32,validation_all_rates,101225,0.875,0.1044776119402985,350,221,0,61,0
2017,32,validation_all_rates,101226,0.8971518987341772,0.08955223880597014,335,236,4,57,0
2017,32,validation_all_rates,101227,0.8955696202531646,0.11940298507462686,339,233,5,55,0
2017,32,validation_all_rates,101228,0.865506329113924,0.14925373134328357,363,207,1,61,0
2017,32,validation_all_rates,101229,0.8939873417721519,0.05970149253731343,330,236,5,61,0
2017,32,validation_all_rates,101230,0.8876582278481012,0.08955223880597014,340,229,2,61,0
2017,32,validation_all_rates,101231,0.8876582278481012,0.08955223880597014,341,229,4,58,0
2017,32,validation_all_rates,101232,0.8908227848101266,0.05970149253731343,338,230,4,60,0
2017,32,fixed_0.3,101223,0.8718354430379747,0.11940298507462686,355,216,0,61,0
2017,32,fixed_0.3,101224,0.8939873417721519,0.08955223880597014,337,233,2,60,0
2017,32,fixed_0.3,101225,0.9034810126582279,0.2537313432835821,311,257,4,60,0
2017,32,fixed_0.3,101226,0.9003164556962026,0.208955223880597,320,252,8,52,0
2017,32,fixed_0.3,101227,0.8955696202531646,0.2537313432835821,322,257,3,50,0
2017,32,fixed_0.3,101228,0.8971518987341772,0.08955223880597014,336,235,3,58,0
2017,32,fixed_0.3,101229,0.8860759493670886,0.3283582089552239,289,280,5,58,0
2017,32,fixed_0.3,101230,0.8955696202531646,0.11940298507462686,335,238,7,52,0
2017,32,fixed_0.3,101231,0.9066455696202531,0.208955223880597,317,250,5,60,0
2017,32,fixed_0.3,101232,0.875,0.05970149253731343,350,221,1,60,0
2017,32_16,validation_all_rates,101223,0.8955696202531646,0.08955223880597014,334,235,2,61,0
2017,32_16,validation_all_rates,101224,0.8718354430379747,0.1044776119402985,354,218,1,59,0
2017,32_16,validation_all_rates,101225,0.884493670886076,0.07462686567164178,334,229,2,67,0
2017,32_16,validation_all_rates,101226,0.870253164556962,0.1044776119402985,349,215,15,53,0
2017,32_16,validation_all_rates,101227,0.8892405063291139,0.08955223880597014,330,230,5,67,0
2017,32_16,validation_all_rates,101228,0.8528481012658228,0.13432835820895522,366,202,0,64,0
2017,32_16,validation_all_rates,101229,0.884493670886076,0.07462686567164178,333,229,4,66,0
2017,32_16,validation_all_rates,101230,0.7974683544303798,0.16417910447761194,410,160,1,61,0
2017,32_16,validation_all_rates,101231,0.8829113924050633,0.1044776119402985,346,225,4,57,0
2017,32_16,validation_all_rates,101232,0.8860759493670886,0.05970149253731343,340,229,2,61,0
2017,32_16,fixed_0.3,101223,0.8607594936708861,0.2835820895522388,338,288,6,0,0
2017,32_16,fixed_0.3,101224,0.8718354430379747,0.1044776119402985,354,216,2,60,0
2017,32_16,fixed_0.3,101225,0.8860759493670886,0.14925373134328357,338,242,2,50,0
2017,32_16,fixed_0.3,101226,0.879746835443038,0.1044776119402985,348,223,4,57,0
2017,32_16,fixed_0.3,101227,0.8971518987341772,0.08955223880597014,337,234,3,58,0
2017,32_16,fixed_0.3,101228,0.8417721518987342,0.16417910447761194,382,188,1,61,0
2017,32_16,fixed_0.3,101229,0.8955696202531646,0.1044776119402985,328,241,3,60,0
2017,32_16,fixed_0.3,101230,0.8892405063291139,0.08955223880597014,338,231,5,58,0
2017,32_16,fixed_0.3,101231,0.8955696202531646,0.07462686567164178,334,236,3,59,0
2017,32_16,fixed_0.3,101232,0.8892405063291139,0.07462686567164178,339,230,2,61,0
2017,64_32,validation_all_rates,101223,0.8860759493670886,0.22388059701492538,331,257,0,44,0
2017,64_32,validation_all_rates,101224,0.8686708860759493,0.08955223880597014,354,216,1,61,0
2017,64_32,validation_all_rates,101225,0.8639240506329114,0.1044776119402985,356,213,1,62,0
2017,64_32,validation_all_rates,101226,0.8481012658227848,0.07462686567164178,340,206,2,61,23
2017,64_32,validation_all_rates,101227,0.9034810126582279,0.208955223880597,329,241,11,51,0
2017,64_32,validation_all_rates,101228,0.8971518987341772,0.14925373134328357,332,237,11,52,0
2017,64_32,validation_all_rates,101229,0.8892405063291139,0.07462686567164178,331,231,5,65,0
2017,64_32,validation_all_rates,101230,0.8955696202531646,0.208955223880597,320,252,1,59,0
2017,64_32,validation_all_rates,101231,0.8955696202531646,0.07462686567164178,336,234,3,59,0
2017,64_32,validation_all_rates,101232,0.8718354430379747,0.13432835820895522,335,220,9,53,15
2017,64_32,fixed_0.3,101223,0.8591772151898734,0.16417910447761194,367,205,7,53,0
2017,64_32,fixed_0.3,101224,0.870253164556962,0.14925373134328357,361,211,3,57,0
2017,64_32,fixed_0.3,101225,0.8955696202531646,0.07462686567164178,335,235,3,59,0
2017,64_32,fixed_0.3,101226,0.8955696202531646,0.07462686567164178,336,234,3,59,0
2017,64_32,fixed_0.3,101227,0.8939873417721519,0.1791044776119403,335,248,3,46,0
2017,64_32,fixed_0.3,101228,0.8955696202531646,0.07462686567164178,335,235,3,59,0
2017,64_32,fixed_0.3,101229,0.8971518987341772,0.1044776119402985,330,239,3,60,0
2017,64_32,fixed_0.3,101230,0.865506329113924,0.11940298507462686,355,223,4,50,0
2017,64_32,fixed_0.3,101231,0.8955696202531646,0.07462686567164178,336,234,3,59,0
2017,64_32,fixed_0.3,101232,0.8164556962025317,0.1791044776119403,401,170,7,54,0
2019,16,validation_all_rates,101223,0.8718354430379747,0.18421052631578946,349,250,4,29,0
2019,16,validation_all_rates,101224,0.8623417721518988,0.07894736842105263,339,259,0,34,0
2019,16,validation_all_rates,101225,0.8686708860759493,0.09210526315789473,337,258,6,31,0
2019,16,validation_all_rates,101226,0.8465189873417721,0.2236842105263158,360,257,0,15,0
2019,16,validation_all_rates,101227,0.8813291139240507,0.13157894736842105,332,253,7,40,0
2019,16,validation_all_rates,101228,0.9129746835443038,0.42105263157894735,357,228,6,41,0
2019,16,validation_all_rates,101229,0.8591772151898734,0.10526315789473684,337,264,5,26,0
2019,16,validation_all_rates,101230,0.8765822784810127,0.3026315789473684,357,242,8,25,0
2019,16,validation_all_rates,101231,0.8386075949367089,0.32894736842105265,363,264,5,0,0
2019,16,validation_all_rates,101232,0.8908227848101266,0.35526315789473684,365,232,6,29,0
2019,16,fixed_0.3,101223,0.9050632911392406,0.40789473684210525,360,229,4,39,0
2019,16,fixed_0.3,101224,0.8971518987341772,0.3157894736842105,347,238,1,46,0
2019,16,fixed_0.3,101225,0.9050632911392406,0.40789473684210525,353,230,1,48,0
2019,16,fixed_0.3,101226,0.9034810126582279,0.40789473684210525,354,229,1,48,0
2019,16,fixed_0.3,101227,0.9066455696202531,0.34210526315789475,348,234,7,43,0
2019,16,fixed_0.3,101228,0.9177215189873418,0.5394736842105263,367,216,2,47,0
2019,16,fixed_0.3,101229,0.9098101265822784,0.40789473684210525,354,229,4,45,0
2019,16,fixed_0.3,101230,0.9224683544303798,0.5921052631578947,376,209,4,43,0
2019,16,fixed_0.3,101231,0.9034810126582279,0.4605263157894737,363,225,7,37,0
2019,16,fixed_0.3,101232,0.9177215189873418,0.6842105263157895,394,194,6,38,0
2019,32,validation_all_rates,101223,0.870253164556962,0.27631578947368424,359,248,4,21,0
2019,32,validation_all_rates,101224,0.8512658227848101,0.3157894736842105,362,258,5,7,0
2019,32,validation_all_rates,101225,0.8465189873417721,0.2236842105263158,353,266,1,12,0
2019,32,validation_all_rates,101226,0.884493670886076,0.25,352,243,6,31,0
2019,32,validation_all_rates,101227,0.8781645569620253,0.21052631578947367,344,252,7,29,0
2019,32,validation_all_rates,101228,0.8512658227848101,0.06578947368421052,335,269,6,22,0
2019,32,validation_all_rates,101229,0.8354430379746836,0.14473684210526316,341,280,6,5,0
2019,32,validation_all_rates,101230,0.8575949367088608,0.3815789473684211,385,237,0,10,0
2019,32,validation_all_rates,101231,0.884493670886076,0.18421052631578946,343,247,7,35,0
2019,32,validation_all_rates,101232,0.8670886075949367,0.40789473684210525,378,236,4,14,0
2019,32,fixed_0.3,101223,0.9113924050632911,0.5394736842105263,371,215,1,45,0
2019,32,fixed_0.3,101224,0.9113924050632911,0.5,366,220,1,45,0
2019,32,fixed_0.3,101225,0.9034810126582279,0.40789473684210525,356,229,0,47,0
2019,32,fixed_0.3,101226,0.9034810126582279,0.35526315789473684,349,234,4,45,0
2019,32,fixed_0.3,101227,0.9129746835443038,0.42105263157894735,357,227,7,41,0
2019,32,fixed_0.3,101228,0.8987341772151899,0.34210526315789475,350,234,2,46,0
2019,32,fixed_0.3,101229,0.9034810126582279,0.42105263157894735,363,225,6,38,0
2019,32,fixed_0.3,101230,0.9129746835443038,0.7368421052631579,402,181,2,47,0
2019,32,fixed_0.3,101231,0.9066455696202531,0.3157894736842105,344,237,8,43,0
2019,32,fixed_0.3,101232,0.9177215189873418,0.7368421052631579,400,183,4,45,0
2019,32_16,validation_all_rates,101223,0.8528481012658228,0.4342105263157895,377,248,5,2,0
2019,32_16,validation_all_rates,101224,0.8939873417721519,0.32894736842105265,350,235,0,47,0
2019,32_16,validation_all_rates,101225,0.8781645569620253,0.10526315789473684,327,260,3,42,0
2019,32_16,validation_all_rates,101226,0.8370253164556962,0.07894736842105263,331,284,5,12,0
2019,32_16,validation_all_rates,101227,0.9161392405063291,0.5657894736842105,348,223,0,61,0
2019,32_16,validation_all_rates,101228,0.8465189873417721,0.3026315789473684,362,253,12,5,0
2019,32_16,validation_all_rates,101229,0.9098101265822784,0.42105263157894735,346,239,1,46,0
2019,32_16,validation_all_rates,101230,0.9161392405063291,0.4868421052631579,358,223,4,47,0
2019,32_16,validation_all_rates,101231,0.9113924050632911,0.4605263157894737,364,216,16,36,0
2019,32_16,validation_all_rates,101232,0.9129746835443038,0.4473684210526316,339,237,1,55,0
2019,32_16,fixed_0.3,101223,0.8528481012658228,0.4342105263157895,377,248,5,2,0
2019,32_16,fixed_0.3,101224,0.8939873417721519,0.32894736842105265,350,235,0,47,0
2019,32_16,fixed_0.3,101225,0.8781645569620253,0.10526315789473684,327,260,3,42,0
2019,32_16,fixed_0.3,101226,0.8370253164556962,0.07894736842105263,331,284,5,12,0
2019,32_16,fixed_0.3,101227,0.9161392405063291,0.5657894736842105,348,223,0,61,0
2019,32_16,fixed_0.3,101228,0.8465189873417721,0.3026315789473684,362,253,12,5,0
2019,32_16,fixed_0.3,101229,0.9098101265822784,0.42105263157894735,346,239,1,46,0
2019,32_16,fixed_0.3,101230,0.9161392405063291,0.4868421052631579,358,223,4,47,0
2019,32_16,fixed_0.3,101231,0.9113924050632911,0.4605263157894737,364,216,16,36,0
2019,32_16,fixed_0.3,101232,0.9129746835443038,0.4473684210526316,339,237,1,55,0
2019,64_32,validation_all_rates,101223,0.8892405063291139,0.5,388,215,6,23,0
2019,64_32,validation_all_rates,101224,0.8512658227848101,0.3815789473684211,365,259,5,3,0
2019,64_32,validation_all_rates,101225,0.8924050632911392,0.21052631578947367,322,256,2,52,0
2019,64_32,validation_all_rates,101226,0.8813291139240507,0.17105263157894737,333,251,1,47,0
2019,64_32,validation_all_rates,101227,0.9177215189873418,0.618421052631579,384,204,7,37,0
2019,64_32,validation_all_rates,101228,0.9034810126582279,0.3684210526315789,354,231,4,43,0
2019,64_32,validation_all_rates,101229,0.875,0.23684210526315788,331,259,1,40,1
2019,64_32,validation_all_rates,101230,0.9161392405063291,0.6052631578947368,375,209,2,46,0
2019,64_32,validation_all_rates,101231,0.9129746835443038,0.40789473684210525,347,223,13,49,0
2019,64_32,validation_all_rates,101232,0.8939873417721519,0.2894736842105263,346,242,1,43,0
2019,64_32,fixed_0.3,101223,0.8892405063291139,0.5,388,215,6,23,0
2019,64_32,fixed_0.3,101224,0.8512658227848101,0.3815789473684211,365,259,5,3,0
2019,64_32,fixed_0.3,101225,0.8924050632911392,0.21052631578947367,322,256,2,52,0
2019,64_32,fixed_0.3,101226,0.8813291139240507,0.17105263157894737,333,251,1,47,0
2019,64_32,fixed_0.3,101227,0.9177215189873418,0.618421052631579,384,204,7,37,0
2019,64_32,fixed_0.3,101228,0.9034810126582279,0.3684210526315789,354,231,4,43,0
2019,64_32,fixed_0.3,101229,0.875,0.23684210526315788,331,259,1,40,1
2019,64_32,fixed_0.3,101230,0.9161392405063291,0.6052631578947368,375,209,2,46,0
2019,64_32,fixed_0.3,101231,0.9129746835443038,0.40789473684210525,347,223,13,49,0
2019,64_32,fixed_0.3,101232,0.8939873417721519,0.2894736842105263,346,242,1,43,0
