evaluation_year,architecture,policy,previous_party,actual_party,seats,correctly_predicted,accuracy,predicted_previous_party
1997,16,validation_all_rates,con,con,121,121,1.0,121
1997,16,validation_all_rates,con,lab,131,8,0.061068702290076333,123
1997,16,validation_all_rates,con,lib,24,0,0.0,23
1997,16,validation_all_rates,con,natSW,2,0,0.0,2
1997,16,validation_all_rates,con,oth,1,0,0.0,1
1997,16,validation_all_rates,lab,lab,255,255,1.0,255
1997,16,validation_all_rates,lab,oth,1,0,0.0,1
1997,16,validation_all_rates,lib,lab,1,1,1.0,0
1997,16,validation_all_rates,lib,lib,8,6,0.75,6
1997,16,validation_all_rates,natSW,natSW,6,4,0.6666666666666666,4
1997,16,fixed_0.3,con,con,121,121,1.0,121
1997,16,fixed_0.3,con,lab,131,6,0.04580152671755725,125
1997,16,fixed_0.3,con,lib,24,0,0.0,24
1997,16,fixed_0.3,con,natSW,2,1,0.5,1
1997,16,fixed_0.3,con,oth,1,0,0.0,1
1997,16,fixed_0.3,lab,lab,255,255,1.0,255
1997,16,fixed_0.3,lab,oth,1,0,0.0,1
1997,16,fixed_0.3,lib,lab,1,1,1.0,0
1997,16,fixed_0.3,lib,lib,8,6,0.75,6
1997,16,fixed_0.3,natSW,natSW,6,4,0.6666666666666666,4
1997,32,validation_all_rates,con,con,121,121,1.0,121
1997,32,validation_all_rates,con,lab,131,7,0.05343511450381679,124
1997,32,validation_all_rates,con,lib,24,0,0.0,23
1997,32,validation_all_rates,con,natSW,2,2,1.0,0
1997,32,validation_all_rates,con,oth,1,0,0.0,1
1997,32,validation_all_rates,lab,lab,255,255,1.0,255
1997,32,validation_all_rates,lab,oth,1,0,0.0,1
1997,32,validation_all_rates,lib,lab,1,1,1.0,0
1997,32,validation_all_rates,lib,lib,8,6,0.75,6
1997,32,validation_all_rates,natSW,natSW,6,5,0.8333333333333334,5
1997,32,fixed_0.3,con,con,121,121,1.0,121
1997,32,fixed_0.3,con,lab,131,6,0.04580152671755725,125
1997,32,fixed_0.3,con,lib,24,0,0.0,24
1997,32,fixed_0.3,con,natSW,2,1,0.5,1
1997,32,fixed_0.3,con,oth,1,0,0.0,1
1997,32,fixed_0.3,lab,lab,255,255,1.0,255
1997,32,fixed_0.3,lab,oth,1,0,0.0,1
1997,32,fixed_0.3,lib,lab,1,1,1.0,0
1997,32,fixed_0.3,lib,lib,8,6,0.75,6
1997,32,fixed_0.3,natSW,natSW,6,4,0.6666666666666666,4
1997,32_16,validation_all_rates,con,con,121,121,1.0,121
1997,32_16,validation_all_rates,con,lab,131,7,0.05343511450381679,124
1997,32_16,validation_all_rates,con,lib,24,0,0.0,23
1997,32_16,validation_all_rates,con,natSW,2,0,0.0,2
1997,32_16,validation_all_rates,con,oth,1,0,0.0,1
1997,32_16,validation_all_rates,lab,lab,255,255,1.0,255
1997,32_16,validation_all_rates,lab,oth,1,0,0.0,1
1997,32_16,validation_all_rates,lib,lab,1,1,1.0,0
1997,32_16,validation_all_rates,lib,lib,8,6,0.75,6
1997,32_16,validation_all_rates,natSW,natSW,6,0,0.0,0
1997,32_16,fixed_0.3,con,con,121,121,1.0,121
1997,32_16,fixed_0.3,con,lab,131,7,0.05343511450381679,124
1997,32_16,fixed_0.3,con,lib,24,0,0.0,23
1997,32_16,fixed_0.3,con,natSW,2,0,0.0,2
1997,32_16,fixed_0.3,con,oth,1,0,0.0,1
1997,32_16,fixed_0.3,lab,lab,255,255,1.0,255
1997,32_16,fixed_0.3,lab,oth,1,0,0.0,1
1997,32_16,fixed_0.3,lib,lab,1,1,1.0,0
1997,32_16,fixed_0.3,lib,lib,8,5,0.625,5
1997,32_16,fixed_0.3,natSW,natSW,6,1,0.16666666666666666,1
1997,64_32,validation_all_rates,con,con,121,121,1.0,121
1997,64_32,validation_all_rates,con,lab,131,8,0.061068702290076333,123
1997,64_32,validation_all_rates,con,lib,24,0,0.0,23
1997,64_32,validation_all_rates,con,natSW,2,0,0.0,2
1997,64_32,validation_all_rates,con,oth,1,0,0.0,1
1997,64_32,validation_all_rates,lab,lab,255,255,1.0,255
1997,64_32,validation_all_rates,lab,oth,1,0,0.0,1
1997,64_32,validation_all_rates,lib,lab,1,1,1.0,0
1997,64_32,validation_all_rates,lib,lib,8,6,0.75,6
1997,64_32,validation_all_rates,natSW,natSW,6,3,0.5,3
1997,64_32,fixed_0.3,con,con,121,121,1.0,121
1997,64_32,fixed_0.3,con,lab,131,7,0.05343511450381679,124
1997,64_32,fixed_0.3,con,lib,24,0,0.0,23
1997,64_32,fixed_0.3,con,natSW,2,0,0.0,2
1997,64_32,fixed_0.3,con,oth,1,0,0.0,1
1997,64_32,fixed_0.3,lab,lab,255,255,1.0,255
1997,64_32,fixed_0.3,lab,oth,1,0,0.0,1
1997,64_32,fixed_0.3,lib,lab,1,1,1.0,0
1997,64_32,fixed_0.3,lib,lib,8,6,0.75,6
1997,64_32,fixed_0.3,natSW,natSW,6,2,0.3333333333333333,2
2001,16,validation_all_rates,con,con,157,157,1.0,157
2001,16,validation_all_rates,con,lab,1,0,0.0,1
2001,16,validation_all_rates,con,lib,8,0,0.0,8
2001,16,validation_all_rates,lab,con,5,0,0.0,5
2001,16,validation_all_rates,lab,lab,409,409,1.0,409
2001,16,validation_all_rates,lab,lib,1,0,0.0,1
2001,16,validation_all_rates,lab,natSW,1,0,0.0,1
2001,16,validation_all_rates,lab,oth,2,0,0.0,2
2001,16,validation_all_rates,lib,con,2,2,1.0,0
2001,16,validation_all_rates,lib,lib,43,26,0.6046511627906976,26
2001,16,validation_all_rates,natSW,con,1,0,0.0,1
2001,16,validation_all_rates,natSW,lab,1,0,0.0,1
2001,16,validation_all_rates,natSW,natSW,8,8,1.0,8
2001,16,validation_all_rates,oth,con,1,1,1.0,0
2001,16,validation_all_rates,oth,lab,1,0,0.0,0
2001,16,fixed_0.3,con,con,157,157,1.0,157
2001,16,fixed_0.3,con,lab,1,0,0.0,1
2001,16,fixed_0.3,con,lib,8,0,0.0,8
2001,16,fixed_0.3,lab,con,5,0,0.0,5
2001,16,fixed_0.3,lab,lab,409,409,1.0,409
2001,16,fixed_0.3,lab,lib,1,0,0.0,1
2001,16,fixed_0.3,lab,natSW,1,0,0.0,1
2001,16,fixed_0.3,lab,oth,2,0,0.0,2
2001,16,fixed_0.3,lib,con,2,2,1.0,0
2001,16,fixed_0.3,lib,lib,43,28,0.6511627906976745,28
2001,16,fixed_0.3,natSW,con,1,0,0.0,1
2001,16,fixed_0.3,natSW,lab,1,1,1.0,0
2001,16,fixed_0.3,natSW,natSW,8,8,1.0,8
2001,16,fixed_0.3,oth,con,1,1,1.0,0
2001,16,fixed_0.3,oth,lab,1,0,0.0,0
2001,32,validation_all_rates,con,con,157,157,1.0,157
2001,32,validation_all_rates,con,lab,1,0,0.0,1
2001,32,validation_all_rates,con,lib,8,0,0.0,8
2001,32,validation_all_rates,lab,con,5,0,0.0,5
2001,32,validation_all_rates,lab,lab,409,409,1.0,409
2001,32,validation_all_rates,lab,lib,1,0,0.0,1
2001,32,validation_all_rates,lab,natSW,1,0,0.0,1
2001,32,validation_all_rates,lab,oth,2,0,0.0,2
2001,32,validation_all_rates,lib,con,2,2,1.0,0
2001,32,validation_all_rates,lib,lib,43,27,0.627906976744186,27
2001,32,validation_all_rates,natSW,con,1,0,0.0,1
2001,32,validation_all_rates,natSW,lab,1,0,0.0,1
2001,32,validation_all_rates,natSW,natSW,8,8,1.0,8
2001,32,validation_all_rates,oth,con,1,1,1.0,0
2001,32,validation_all_rates,oth,lab,1,0,0.0,0
2001,32,fixed_0.3,con,con,157,157,1.0,157
2001,32,fixed_0.3,con,lab,1,0,0.0,1
2001,32,fixed_0.3,con,lib,8,0,0.0,8
2001,32,fixed_0.3,lab,con,5,0,0.0,5
2001,32,fixed_0.3,lab,lab,409,409,1.0,409
2001,32,fixed_0.3,lab,lib,1,0,0.0,1
2001,32,fixed_0.3,lab,natSW,1,0,0.0,1
2001,32,fixed_0.3,lab,oth,2,0,0.0,2
2001,32,fixed_0.3,lib,con,2,2,1.0,0
2001,32,fixed_0.3,lib,lib,43,28,0.6511627906976745,28
2001,32,fixed_0.3,natSW,con,1,0,0.0,1
2001,32,fixed_0.3,natSW,lab,1,1,1.0,0
2001,32,fixed_0.3,natSW,natSW,8,8,1.0,8
2001,32,fixed_0.3,oth,con,1,1,1.0,0
2001,32,fixed_0.3,oth,lab,1,0,0.0,0
2001,32_16,validation_all_rates,con,con,157,157,1.0,157
2001,32_16,validation_all_rates,con,lab,1,0,0.0,1
2001,32_16,validation_all_rates,con,lib,8,0,0.0,8
2001,32_16,validation_all_rates,lab,con,5,0,0.0,5
2001,32_16,validation_all_rates,lab,lab,409,409,1.0,409
2001,32_16,validation_all_rates,lab,lib,1,0,0.0,1
2001,32_16,validation_all_rates,lab,natSW,1,0,0.0,1
2001,32_16,validation_all_rates,lab,oth,2,0,0.0,2
2001,32_16,validation_all_rates,lib,con,2,2,1.0,0
2001,32_16,validation_all_rates,lib,lib,43,28,0.6511627906976745,28
2001,32_16,validation_all_rates,natSW,con,1,0,0.0,1
2001,32_16,validation_all_rates,natSW,lab,1,1,1.0,0
2001,32_16,validation_all_rates,natSW,natSW,8,7,0.875,7
2001,32_16,validation_all_rates,oth,con,1,1,1.0,0
2001,32_16,validation_all_rates,oth,lab,1,0,0.0,0
2001,32_16,fixed_0.3,con,con,157,157,1.0,157
2001,32_16,fixed_0.3,con,lab,1,0,0.0,1
2001,32_16,fixed_0.3,con,lib,8,0,0.0,8
2001,32_16,fixed_0.3,lab,con,5,0,0.0,5
2001,32_16,fixed_0.3,lab,lab,409,409,1.0,409
2001,32_16,fixed_0.3,lab,lib,1,0,0.0,1
2001,32_16,fixed_0.3,lab,natSW,1,0,0.0,1
2001,32_16,fixed_0.3,lab,oth,2,0,0.0,2
2001,32_16,fixed_0.3,lib,con,2,2,1.0,0
2001,32_16,fixed_0.3,lib,lib,43,17,0.3953488372093023,17
2001,32_16,fixed_0.3,natSW,con,1,1,1.0,0
2001,32_16,fixed_0.3,natSW,lab,1,1,1.0,0
2001,32_16,fixed_0.3,natSW,natSW,8,2,0.25,2
2001,32_16,fixed_0.3,oth,con,1,1,1.0,0
2001,32_16,fixed_0.3,oth,lab,1,0,0.0,0
2001,64_32,validation_all_rates,con,con,157,156,0.9936305732484076,156
2001,64_32,validation_all_rates,con,lab,1,0,0.0,1
2001,64_32,validation_all_rates,con,lib,8,0,0.0,8
2001,64_32,validation_all_rates,lab,con,5,0,0.0,5
2001,64_32,validation_all_rates,lab,lab,409,409,1.0,409
2001,64_32,validation_all_rates,lab,lib,1,0,0.0,1
2001,64_32,validation_all_rates,lab,natSW,1,0,0.0,1
2001,64_32,validation_all_rates,lab,oth,2,0,0.0,2
2001,64_32,validation_all_rates,lib,con,2,0,0.0,2
2001,64_32,validation_all_rates,lib,lib,43,32,0.7441860465116279,32
2001,64_32,validation_all_rates,natSW,con,1,0,0.0,1
2001,64_32,validation_all_rates,natSW,lab,1,0,0.0,1
2001,64_32,validation_all_rates,natSW,natSW,8,8,1.0,8
2001,64_32,validation_all_rates,oth,con,1,1,1.0,0
2001,64_32,validation_all_rates,oth,lab,1,0,0.0,0
2001,64_32,fixed_0.3,con,con,157,157,1.0,157
2001,64_32,fixed_0.3,con,lab,1,0,0.0,1
2001,64_32,fixed_0.3,con,lib,8,0,0.0,8
2001,64_32,fixed_0.3,lab,con,5,0,0.0,5
2001,64_32,fixed_0.3,lab,lab,409,409,1.0,409
2001,64_32,fixed_0.3,lab,lib,1,0,0.0,1
2001,64_32,fixed_0.3,lab,natSW,1,0,0.0,1
2001,64_32,fixed_0.3,lab,oth,2,0,0.0,2
2001,64_32,fixed_0.3,lib,con,2,2,1.0,0
2001,64_32,fixed_0.3,lib,lib,43,15,0.3488372093023256,15
2001,64_32,fixed_0.3,natSW,con,1,1,1.0,0
2001,64_32,fixed_0.3,natSW,lab,1,1,1.0,0
2001,64_32,fixed_0.3,natSW,natSW,8,5,0.625,5
2001,64_32,fixed_0.3,oth,con,1,1,1.0,0
2001,64_32,fixed_0.3,oth,lab,1,0,0.0,0
2005,16,validation_all_rates,con,con,162,162,1.0,162
2005,16,validation_all_rates,con,lab,1,0,0.0,0
2005,16,validation_all_rates,con,lib,3,0,0.0,3
2005,16,validation_all_rates,lab,con,31,29,0.9354838709677419,2
2005,16,validation_all_rates,lab,lab,354,265,0.748587570621469,265
2005,16,validation_all_rates,lab,lib,12,1,0.08333333333333333,8
2005,16,validation_all_rates,lab,natSW,2,0,0.0,2
2005,16,validation_all_rates,lab,oth,2,0,0.0,2
2005,16,validation_all_rates,lib,con,5,5,1.0,0
2005,16,validation_all_rates,lib,lib,46,37,0.8043478260869565,37
2005,16,validation_all_rates,natSW,lib,1,0,0.0,1
2005,16,validation_all_rates,natSW,natSW,7,7,1.0,7
2005,16,validation_all_rates,oth,oth,2,0,0.0,0
2005,16,fixed_0.3,con,con,162,162,1.0,162
2005,16,fixed_0.3,con,lab,1,0,0.0,0
2005,16,fixed_0.3,con,lib,3,0,0.0,3
2005,16,fixed_0.3,lab,con,31,30,0.967741935483871,1
2005,16,fixed_0.3,lab,lab,354,265,0.748587570621469,265
2005,16,fixed_0.3,lab,lib,12,1,0.08333333333333333,8
2005,16,fixed_0.3,lab,natSW,2,0,0.0,2
2005,16,fixed_0.3,lab,oth,2,0,0.0,2
2005,16,fixed_0.3,lib,con,5,5,1.0,0
2005,16,fixed_0.3,lib,lib,46,34,0.7391304347826086,34
2005,16,fixed_0.3,natSW,lib,1,0,0.0,1
2005,16,fixed_0.3,natSW,natSW,7,7,1.0,7
2005,16,fixed_0.3,oth,oth,2,0,0.0,0
2005,32,validation_all_rates,con,con,162,162,1.0,162
2005,32,validation_all_rates,con,lab,1,0,0.0,0
2005,32,validation_all_rates,con,lib,3,0,0.0,3
2005,32,validation_all_rates,lab,con,31,29,0.9354838709677419,2
2005,32,validation_all_rates,lab,lab,354,267,0.7542372881355932,267
2005,32,validation_all_rates,lab,lib,12,1,0.08333333333333333,8
2005,32,validation_all_rates,lab,natSW,2,0,0.0,2
2005,32,validation_all_rates,lab,oth,2,0,0.0,2
2005,32,validation_all_rates,lib,con,5,5,1.0,0
2005,32,validation_all_rates,lib,lib,46,35,0.7608695652173914,35
2005,32,validation_all_rates,natSW,lib,1,0,0.0,1
2005,32,validation_all_rates,natSW,natSW,7,7,1.0,7
2005,32,validation_all_rates,oth,oth,2,0,0.0,0
2005,32,fixed_0.3,con,con,162,162,1.0,162
2005,32,fixed_0.3,con,lab,1,0,0.0,0
2005,32,fixed_0.3,con,lib,3,0,0.0,3
2005,32,fixed_0.3,lab,con,31,30,0.967741935483871,1
2005,32,fixed_0.3,lab,lab,354,257,0.7259887005649718,257
2005,32,fixed_0.3,lab,lib,12,1,0.08333333333333333,8
2005,32,fixed_0.3,lab,natSW,2,0,0.0,2
2005,32,fixed_0.3,lab,oth,2,0,0.0,2
2005,32,fixed_0.3,lib,con,5,5,1.0,0
2005,32,fixed_0.3,lib,lib,46,33,0.717391304347826,33
2005,32,fixed_0.3,natSW,lib,1,0,0.0,1
2005,32,fixed_0.3,natSW,natSW,7,7,1.0,7
2005,32,fixed_0.3,oth,oth,2,0,0.0,0
2005,32_16,validation_all_rates,con,con,162,162,1.0,162
2005,32_16,validation_all_rates,con,lab,1,0,0.0,0
2005,32_16,validation_all_rates,con,lib,3,0,0.0,3
2005,32_16,validation_all_rates,lab,con,31,29,0.9354838709677419,2
2005,32_16,validation_all_rates,lab,lab,354,256,0.7231638418079096,256
2005,32_16,validation_all_rates,lab,lib,12,1,0.08333333333333333,8
2005,32_16,validation_all_rates,lab,natSW,2,0,0.0,2
2005,32_16,validation_all_rates,lab,oth,2,0,0.0,2
2005,32_16,validation_all_rates,lib,con,5,5,1.0,0
2005,32_16,validation_all_rates,lib,lib,46,35,0.7608695652173914,35
2005,32_16,validation_all_rates,natSW,lib,1,0,0.0,1
2005,32_16,validation_all_rates,natSW,natSW,7,7,1.0,7
2005,32_16,validation_all_rates,oth,oth,2,0,0.0,0
2005,32_16,fixed_0.3,con,con,162,162,1.0,162
2005,32_16,fixed_0.3,con,lab,1,0,0.0,0
2005,32_16,fixed_0.3,con,lib,3,0,0.0,3
2005,32_16,fixed_0.3,lab,con,31,29,0.9354838709677419,2
2005,32_16,fixed_0.3,lab,lab,354,262,0.7401129943502824,262
2005,32_16,fixed_0.3,lab,lib,12,1,0.08333333333333333,8
2005,32_16,fixed_0.3,lab,natSW,2,0,0.0,2
2005,32_16,fixed_0.3,lab,oth,2,0,0.0,2
2005,32_16,fixed_0.3,lib,con,5,5,1.0,0
2005,32_16,fixed_0.3,lib,lib,46,35,0.7608695652173914,35
2005,32_16,fixed_0.3,natSW,lib,1,0,0.0,1
2005,32_16,fixed_0.3,natSW,natSW,7,7,1.0,7
2005,32_16,fixed_0.3,oth,oth,2,0,0.0,0
2005,64_32,validation_all_rates,con,con,162,162,1.0,162
2005,64_32,validation_all_rates,con,lab,1,0,0.0,1
2005,64_32,validation_all_rates,con,lib,3,0,0.0,3
2005,64_32,validation_all_rates,lab,con,31,30,0.967741935483871,1
2005,64_32,validation_all_rates,lab,lab,354,258,0.7288135593220338,258
2005,64_32,validation_all_rates,lab,lib,12,1,0.08333333333333333,8
2005,64_32,validation_all_rates,lab,natSW,2,0,0.0,2
2005,64_32,validation_all_rates,lab,oth,2,0,0.0,2
2005,64_32,validation_all_rates,lib,con,5,5,1.0,0
2005,64_32,validation_all_rates,lib,lib,46,34,0.7391304347826086,34
2005,64_32,validation_all_rates,natSW,lib,1,0,0.0,1
2005,64_32,validation_all_rates,natSW,natSW,7,7,1.0,7
2005,64_32,validation_all_rates,oth,oth,2,0,0.0,0
2005,64_32,fixed_0.3,con,con,162,162,1.0,162
2005,64_32,fixed_0.3,con,lab,1,0,0.0,0
2005,64_32,fixed_0.3,con,lib,3,0,0.0,3
2005,64_32,fixed_0.3,lab,con,31,30,0.967741935483871,1
2005,64_32,fixed_0.3,lab,lab,354,259,0.731638418079096,259
2005,64_32,fixed_0.3,lab,lib,12,1,0.08333333333333333,8
2005,64_32,fixed_0.3,lab,natSW,2,0,0.0,2
2005,64_32,fixed_0.3,lab,oth,2,0,0.0,2
2005,64_32,fixed_0.3,lib,con,5,5,1.0,0
2005,64_32,fixed_0.3,lib,lib,46,35,0.7608695652173914,35
2005,64_32,fixed_0.3,natSW,lib,1,0,0.0,1
2005,64_32,fixed_0.3,natSW,natSW,7,7,1.0,7
2005,64_32,fixed_0.3,oth,oth,2,0,0.0,0
2010,16,validation_all_rates,con,con,207,207,1.0,207
2010,16,validation_all_rates,con,lib,3,0,0.0,3
2010,16,validation_all_rates,con,oth,1,0,0.0,1
2010,16,validation_all_rates,lab,con,87,86,0.9885057471264368,1
2010,16,validation_all_rates,lab,lab,256,201,0.78515625,201
2010,16,validation_all_rates,lab,lib,5,0,0.0,4
2010,16,validation_all_rates,lab,natSW,1,0,0.0,1
2010,16,validation_all_rates,lab,oth,1,0,0.0,0
2010,16,validation_all_rates,lib,con,12,7,0.5833333333333334,5
2010,16,validation_all_rates,lib,lab,1,0,0.0,1
2010,16,validation_all_rates,lib,lib,49,34,0.6938775510204082,34
2010,16,validation_all_rates,natSW,natSW,8,6,0.75,6
2010,16,validation_all_rates,oth,lab,1,0,0.0,0
2010,16,fixed_0.3,con,con,207,207,1.0,207
2010,16,fixed_0.3,con,lib,3,0,0.0,3
2010,16,fixed_0.3,con,oth,1,0,0.0,1
2010,16,fixed_0.3,lab,con,87,87,1.0,0
2010,16,fixed_0.3,lab,lab,256,194,0.7578125,194
2010,16,fixed_0.3,lab,lib,5,0,0.0,4
2010,16,fixed_0.3,lab,natSW,1,0,0.0,1
2010,16,fixed_0.3,lab,oth,1,0,0.0,0
2010,16,fixed_0.3,lib,con,12,11,0.9166666666666666,1
2010,16,fixed_0.3,lib,lab,1,0,0.0,1
2010,16,fixed_0.3,lib,lib,49,25,0.5102040816326531,25
2010,16,fixed_0.3,natSW,natSW,8,5,0.625,5
2010,16,fixed_0.3,oth,lab,1,0,0.0,0
2010,32,validation_all_rates,con,con,207,207,1.0,207
2010,32,validation_all_rates,con,lib,3,0,0.0,3
2010,32,validation_all_rates,con,oth,1,0,0.0,1
2010,32,validation_all_rates,lab,con,87,87,1.0,0
2010,32,validation_all_rates,lab,lab,256,198,0.7734375,198
2010,32,validation_all_rates,lab,lib,5,0,0.0,4
2010,32,validation_all_rates,lab,natSW,1,0,0.0,1
2010,32,validation_all_rates,lab,oth,1,0,0.0,0
2010,32,validation_all_rates,lib,con,12,10,0.8333333333333334,2
2010,32,validation_all_rates,lib,lab,1,0,0.0,1
2010,32,validation_all_rates,lib,lib,49,29,0.5918367346938775,29
2010,32,validation_all_rates,natSW,natSW,8,5,0.625,5
2010,32,validation_all_rates,oth,lab,1,0,0.0,0
2010,32,fixed_0.3,con,con,207,207,1.0,207
2010,32,fixed_0.3,con,lib,3,0,0.0,3
2010,32,fixed_0.3,con,oth,1,0,0.0,1
2010,32,fixed_0.3,lab,con,87,87,1.0,0
2010,32,fixed_0.3,lab,lab,256,191,0.74609375,191
2010,32,fixed_0.3,lab,lib,5,0,0.0,4
2010,32,fixed_0.3,lab,natSW,1,0,0.0,1
2010,32,fixed_0.3,lab,oth,1,0,0.0,0
2010,32,fixed_0.3,lib,con,12,11,0.9166666666666666,1
2010,32,fixed_0.3,lib,lab,1,0,0.0,1
2010,32,fixed_0.3,lib,lib,49,25,0.5102040816326531,25
2010,32,fixed_0.3,natSW,natSW,8,6,0.75,6
2010,32,fixed_0.3,oth,lab,1,0,0.0,0
2010,32_16,validation_all_rates,con,con,207,207,1.0,207
2010,32_16,validation_all_rates,con,lib,3,0,0.0,3
2010,32_16,validation_all_rates,con,oth,1,0,0.0,1
2010,32_16,validation_all_rates,lab,con,87,85,0.9770114942528736,2
2010,32_16,validation_all_rates,lab,lab,256,214,0.8359375,214
2010,32_16,validation_all_rates,lab,lib,5,0,0.0,5
2010,32_16,validation_all_rates,lab,natSW,1,0,0.0,1
2010,32_16,validation_all_rates,lab,oth,1,0,0.0,1
2010,32_16,validation_all_rates,lib,con,12,10,0.8333333333333334,2
2010,32_16,validation_all_rates,lib,lab,1,0,0.0,1
2010,32_16,validation_all_rates,lib,lib,49,29,0.5918367346938775,29
2010,32_16,validation_all_rates,natSW,natSW,8,7,0.875,7
2010,32_16,validation_all_rates,oth,lab,1,0,0.0,0
2010,32_16,fixed_0.3,con,con,207,207,1.0,207
2010,32_16,fixed_0.3,con,lib,3,0,0.0,3
2010,32_16,fixed_0.3,con,oth,1,0,0.0,1
2010,32_16,fixed_0.3,lab,con,87,87,1.0,0
2010,32_16,fixed_0.3,lab,lab,256,196,0.765625,196
2010,32_16,fixed_0.3,lab,lib,5,0,0.0,4
2010,32_16,fixed_0.3,lab,natSW,1,0,0.0,1
2010,32_16,fixed_0.3,lab,oth,1,0,0.0,0
2010,32_16,fixed_0.3,lib,con,12,10,0.8333333333333334,2
2010,32_16,fixed_0.3,lib,lab,1,0,0.0,1
2010,32_16,fixed_0.3,lib,lib,49,29,0.5918367346938775,29
2010,32_16,fixed_0.3,natSW,natSW,8,5,0.625,5
2010,32_16,fixed_0.3,oth,lab,1,0,0.0,0
2010,64_32,validation_all_rates,con,con,207,207,1.0,207
2010,64_32,validation_all_rates,con,lib,3,0,0.0,3
2010,64_32,validation_all_rates,con,oth,1,0,0.0,1
2010,64_32,validation_all_rates,lab,con,87,84,0.9655172413793104,3
2010,64_32,validation_all_rates,lab,lab,256,223,0.87109375,223
2010,64_32,validation_all_rates,lab,lib,5,0,0.0,5
2010,64_32,validation_all_rates,lab,natSW,1,0,0.0,1
2010,64_32,validation_all_rates,lab,oth,1,0,0.0,1
2010,64_32,validation_all_rates,lib,con,12,9,0.75,3
2010,64_32,validation_all_rates,lib,lab,1,0,0.0,1
2010,64_32,validation_all_rates,lib,lib,49,34,0.6938775510204082,34
2010,64_32,validation_all_rates,natSW,natSW,8,7,0.875,7
2010,64_32,validation_all_rates,oth,lab,1,0,0.0,0
2010,64_32,fixed_0.3,con,con,207,207,1.0,207
2010,64_32,fixed_0.3,con,lib,3,0,0.0,3
2010,64_32,fixed_0.3,con,oth,1,0,0.0,1
2010,64_32,fixed_0.3,lab,con,87,87,1.0,0
2010,64_32,fixed_0.3,lab,lab,256,204,0.796875,204
2010,64_32,fixed_0.3,lab,lib,5,0,0.0,4
2010,64_32,fixed_0.3,lab,natSW,1,0,0.0,1
2010,64_32,fixed_0.3,lab,oth,1,0,0.0,1
2010,64_32,fixed_0.3,lib,con,12,10,0.8333333333333334,2
2010,64_32,fixed_0.3,lib,lab,1,0,0.0,1
2010,64_32,fixed_0.3,lib,lib,49,29,0.5918367346938775,29
2010,64_32,fixed_0.3,natSW,natSW,8,5,0.625,5
2010,64_32,fixed_0.3,oth,lab,1,0,0.0,0
2015,16,validation_all_rates,con,con,295,251,0.8508474576271187,251
2015,16,validation_all_rates,con,lab,10,8,0.8,2
2015,16,validation_all_rates,con,oth,1,0,0.0,1
2015,16,validation_all_rates,lab,con,8,0,0.0,8
2015,16,validation_all_rates,lab,lab,209,209,1.0,209
2015,16,validation_all_rates,lab,natSW,40,0,0.0,40
2015,16,validation_all_rates,lab,oth,1,0,0.0,1
2015,16,validation_all_rates,lib,con,27,0,0.0,27
2015,16,validation_all_rates,lib,lab,12,6,0.5,6
2015,16,validation_all_rates,lib,lib,8,8,1.0,8
2015,16,validation_all_rates,lib,natSW,10,0,0.0,9
2015,16,validation_all_rates,natSW,natSW,9,7,0.7777777777777778,7
2015,16,validation_all_rates,oth,oth,2,0,0.0,0
2015,16,fixed_0.3,con,con,295,249,0.8440677966101695,249
2015,16,fixed_0.3,con,lab,10,9,0.9,1
2015,16,fixed_0.3,con,oth,1,0,0.0,1
2015,16,fixed_0.3,lab,con,8,0,0.0,8
2015,16,fixed_0.3,lab,lab,209,209,1.0,209
2015,16,fixed_0.3,lab,natSW,40,0,0.0,40
2015,16,fixed_0.3,lab,oth,1,0,0.0,1
2015,16,fixed_0.3,lib,con,27,1,0.037037037037037035,26
2015,16,fixed_0.3,lib,lab,12,6,0.5,6
2015,16,fixed_0.3,lib,lib,8,8,1.0,8
2015,16,fixed_0.3,lib,natSW,10,0,0.0,9
2015,16,fixed_0.3,natSW,natSW,9,8,0.8888888888888888,8
2015,16,fixed_0.3,oth,oth,2,0,0.0,0
2015,32,validation_all_rates,con,con,295,244,0.8271186440677966,244
2015,32,validation_all_rates,con,lab,10,9,0.9,1
2015,32,validation_all_rates,con,oth,1,0,0.0,1
2015,32,validation_all_rates,lab,con,8,0,0.0,8
2015,32,validation_all_rates,lab,lab,209,209,1.0,209
2015,32,validation_all_rates,lab,natSW,40,0,0.0,40
2015,32,validation_all_rates,lab,oth,1,0,0.0,1
2015,32,validation_all_rates,lib,con,27,0,0.0,27
2015,32,validation_all_rates,lib,lab,12,6,0.5,6
2015,32,validation_all_rates,lib,lib,8,8,1.0,8
2015,32,validation_all_rates,lib,natSW,10,0,0.0,8
2015,32,validation_all_rates,natSW,natSW,9,5,0.5555555555555556,5
2015,32,validation_all_rates,oth,oth,2,0,0.0,0
2015,32,fixed_0.3,con,con,295,244,0.8271186440677966,244
2015,32,fixed_0.3,con,lab,10,9,0.9,1
2015,32,fixed_0.3,con,oth,1,0,0.0,1
2015,32,fixed_0.3,lab,con,8,0,0.0,8
2015,32,fixed_0.3,lab,lab,209,209,1.0,209
2015,32,fixed_0.3,lab,natSW,40,0,0.0,40
2015,32,fixed_0.3,lab,oth,1,0,0.0,1
2015,32,fixed_0.3,lib,con,27,0,0.0,27
2015,32,fixed_0.3,lib,lab,12,6,0.5,6
2015,32,fixed_0.3,lib,lib,8,8,1.0,8
2015,32,fixed_0.3,lib,natSW,10,0,0.0,8
2015,32,fixed_0.3,natSW,natSW,9,5,0.5555555555555556,5
2015,32,fixed_0.3,oth,oth,2,0,0.0,0
2015,32_16,validation_all_rates,con,con,295,260,0.8813559322033898,260
2015,32_16,validation_all_rates,con,lab,10,8,0.8,2
2015,32_16,validation_all_rates,con,oth,1,0,0.0,1
2015,32_16,validation_all_rates,lab,con,8,0,0.0,8
2015,32_16,validation_all_rates,lab,lab,209,209,1.0,209
2015,32_16,validation_all_rates,lab,natSW,40,0,0.0,40
2015,32_16,validation_all_rates,lab,oth,1,0,0.0,1
2015,32_16,validation_all_rates,lib,con,27,0,0.0,27
2015,32_16,validation_all_rates,lib,lab,12,6,0.5,6
2015,32_16,validation_all_rates,lib,lib,8,8,1.0,8
2015,32_16,validation_all_rates,lib,natSW,10,0,0.0,9
2015,32_16,validation_all_rates,natSW,natSW,9,7,0.7777777777777778,7
2015,32_16,validation_all_rates,oth,oth,2,0,0.0,0
2015,32_16,fixed_0.3,con,con,295,260,0.8813559322033898,260
2015,32_16,fixed_0.3,con,lab,10,8,0.8,2
2015,32_16,fixed_0.3,con,oth,1,0,0.0,1
2015,32_16,fixed_0.3,lab,con,8,0,0.0,8
2015,32_16,fixed_0.3,lab,lab,209,209,1.0,209
2015,32_16,fixed_0.3,lab,natSW,40,0,0.0,40
2015,32_16,fixed_0.3,lab,oth,1,0,0.0,1
2015,32_16,fixed_0.3,lib,con,27,0,0.0,27
2015,32_16,fixed_0.3,lib,lab,12,6,0.5,6
2015,32_16,fixed_0.3,lib,lib,8,8,1.0,8
2015,32_16,fixed_0.3,lib,natSW,10,0,0.0,9
2015,32_16,fixed_0.3,natSW,natSW,9,7,0.7777777777777778,7
2015,32_16,fixed_0.3,oth,oth,2,0,0.0,0
2015,64_32,validation_all_rates,con,con,295,242,0.8203389830508474,242
2015,64_32,validation_all_rates,con,lab,10,9,0.9,1
2015,64_32,validation_all_rates,con,oth,1,0,0.0,1
2015,64_32,validation_all_rates,lab,con,8,0,0.0,8
2015,64_32,validation_all_rates,lab,lab,209,209,1.0,209
2015,64_32,validation_all_rates,lab,natSW,40,0,0.0,40
2015,64_32,validation_all_rates,lab,oth,1,0,0.0,1
2015,64_32,validation_all_rates,lib,con,27,0,0.0,27
2015,64_32,validation_all_rates,lib,lab,12,6,0.5,6
2015,64_32,validation_all_rates,lib,lib,8,8,1.0,8
2015,64_32,validation_all_rates,lib,natSW,10,0,0.0,7
2015,64_32,validation_all_rates,natSW,natSW,9,6,0.6666666666666666,6
2015,64_32,validation_all_rates,oth,oth,2,0,0.0,0
2015,64_32,fixed_0.3,con,con,295,247,0.8372881355932204,247
2015,64_32,fixed_0.3,con,lab,10,9,0.9,1
2015,64_32,fixed_0.3,con,oth,1,0,0.0,1
2015,64_32,fixed_0.3,lab,con,8,0,0.0,8
2015,64_32,fixed_0.3,lab,lab,209,209,1.0,209
2015,64_32,fixed_0.3,lab,natSW,40,0,0.0,40
2015,64_32,fixed_0.3,lab,oth,1,0,0.0,1
2015,64_32,fixed_0.3,lib,con,27,0,0.0,27
2015,64_32,fixed_0.3,lib,lab,12,6,0.5,6
2015,64_32,fixed_0.3,lib,lib,8,8,1.0,8
2015,64_32,fixed_0.3,lib,natSW,10,0,0.0,8
2015,64_32,fixed_0.3,natSW,natSW,9,7,0.7777777777777778,7
2015,64_32,fixed_0.3,oth,oth,2,0,0.0,0
2017,16,validation_all_rates,con,con,298,298,1.0,298
2017,16,validation_all_rates,con,lab,27,0,0.0,27
2017,16,validation_all_rates,con,lib,5,0,0.0,5
2017,16,validation_all_rates,lab,con,6,0,0.0,6
2017,16,validation_all_rates,lab,lab,225,222,0.9866666666666667,222
2017,16,validation_all_rates,lib,con,1,1,1.0,0
2017,16,validation_all_rates,lib,lab,2,2,1.0,0
2017,16,validation_all_rates,lib,lib,4,2,0.5,2
2017,16,validation_all_rates,lib,natSW,1,1,1.0,0
2017,16,validation_all_rates,natSW,con,13,0,0.0,13
2017,16,validation_all_rates,natSW,lab,6,0,0.0,6
2017,16,validation_all_rates,natSW,lib,4,0,0.0,4
2017,16,validation_all_rates,natSW,natSW,36,36,1.0,36
2017,16,validation_all_rates,oth,con,1,1,1.0,0
2017,16,validation_all_rates,oth,lab,1,1,1.0,0
2017,16,validation_all_rates,oth,oth,2,0,0.0,0
2017,16,fixed_0.3,con,con,298,295,0.9899328859060402,295
2017,16,fixed_0.3,con,lab,27,5,0.18518518518518517,22
2017,16,fixed_0.3,con,lib,5,0,0.0,5
2017,16,fixed_0.3,lab,con,6,0,0.0,6
2017,16,fixed_0.3,lab,lab,225,225,1.0,225
2017,16,fixed_0.3,lib,con,1,1,1.0,0
2017,16,fixed_0.3,lib,lab,2,2,1.0,0
2017,16,fixed_0.3,lib,lib,4,2,0.5,2
2017,16,fixed_0.3,lib,natSW,1,0,0.0,1
2017,16,fixed_0.3,natSW,con,13,0,0.0,13
2017,16,fixed_0.3,natSW,lab,6,0,0.0,6
2017,16,fixed_0.3,natSW,lib,4,0,0.0,4
2017,16,fixed_0.3,natSW,natSW,36,36,1.0,36
2017,16,fixed_0.3,oth,con,1,1,1.0,0
2017,16,fixed_0.3,oth,lab,1,1,1.0,0
2017,16,fixed_0.3,oth,oth,2,0,0.0,0
2017,32,validation_all_rates,con,con,298,298,1.0,298
2017,32,validation_all_rates,con,lab,27,0,0.0,27
2017,32,validation_all_rates,con,lib,5,0,0.0,5
2017,32,validation_all_rates,lab,con,6,0,0.0,6
2017,32,validation_all_rates,lab,lab,225,213,0.9466666666666667,213
2017,32,validation_all_rates,lib,con,1,1,1.0,0
2017,32,validation_all_rates,lib,lab,2,2,1.0,0
2017,32,validation_all_rates,lib,lib,4,2,0.5,2
2017,32,validation_all_rates,lib,natSW,1,1,1.0,0
2017,32,validation_all_rates,natSW,con,13,0,0.0,13
2017,32,validation_all_rates,natSW,lab,6,0,0.0,6
2017,32,validation_all_rates,natSW,lib,4,0,0.0,4
2017,32,validation_all_rates,natSW,natSW,36,36,1.0,36
2017,32,validation_all_rates,oth,con,1,1,1.0,0
2017,32,validation_all_rates,oth,lab,1,1,1.0,0
2017,32,validation_all_rates,oth,oth,2,0,0.0,0
2017,32,fixed_0.3,con,con,298,298,1.0,298
2017,32,fixed_0.3,con,lab,27,1,0.037037037037037035,26
2017,32,fixed_0.3,con,lib,5,0,0.0,5
2017,32,fixed_0.3,lab,con,6,0,0.0,6
2017,32,fixed_0.3,lab,lab,225,225,1.0,225
2017,32,fixed_0.3,lib,con,1,1,1.0,0
2017,32,fixed_0.3,lib,lab,2,2,1.0,0
2017,32,fixed_0.3,lib,lib,4,2,0.5,2
2017,32,fixed_0.3,lib,natSW,1,0,0.0,1
2017,32,fixed_0.3,natSW,con,13,0,0.0,13
2017,32,fixed_0.3,natSW,lab,6,0,0.0,6
2017,32,fixed_0.3,natSW,lib,4,0,0.0,4
2017,32,fixed_0.3,natSW,natSW,36,36,1.0,36
2017,32,fixed_0.3,oth,con,1,1,1.0,0
2017,32,fixed_0.3,oth,lab,1,1,1.0,0
2017,32,fixed_0.3,oth,oth,2,0,0.0,0
2017,32_16,validation_all_rates,con,con,298,297,0.9966442953020134,297
2017,32_16,validation_all_rates,con,lab,27,0,0.0,27
2017,32_16,validation_all_rates,con,lib,5,0,0.0,5
2017,32_16,validation_all_rates,lab,con,6,0,0.0,6
2017,32_16,validation_all_rates,lab,lab,225,220,0.9777777777777777,220
2017,32_16,validation_all_rates,lib,con,1,1,1.0,0
2017,32_16,validation_all_rates,lib,lab,2,2,1.0,0
2017,32_16,validation_all_rates,lib,lib,4,2,0.5,2
2017,32_16,validation_all_rates,lib,natSW,1,1,1.0,0
2017,32_16,validation_all_rates,natSW,con,13,0,0.0,13
2017,32_16,validation_all_rates,natSW,lab,6,0,0.0,6
2017,32_16,validation_all_rates,natSW,lib,4,0,0.0,4
2017,32_16,validation_all_rates,natSW,natSW,36,36,1.0,36
2017,32_16,validation_all_rates,oth,con,1,1,1.0,0
2017,32_16,validation_all_rates,oth,lab,1,1,1.0,0
2017,32_16,validation_all_rates,oth,oth,2,0,0.0,0
2017,32_16,fixed_0.3,con,con,298,298,1.0,298
2017,32_16,fixed_0.3,con,lab,27,0,0.0,27
2017,32_16,fixed_0.3,con,lib,5,0,0.0,5
2017,32_16,fixed_0.3,lab,con,6,0,0.0,6
2017,32_16,fixed_0.3,lab,lab,225,225,1.0,225
2017,32_16,fixed_0.3,lib,con,1,1,1.0,0
2017,32_16,fixed_0.3,lib,lab,2,2,1.0,0
2017,32_16,fixed_0.3,lib,lib,4,2,0.5,2
2017,32_16,fixed_0.3,lib,natSW,1,1,1.0,0
2017,32_16,fixed_0.3,natSW,con,13,0,0.0,13
2017,32_16,fixed_0.3,natSW,lab,6,0,0.0,6
2017,32_16,fixed_0.3,natSW,lib,4,0,0.0,4
2017,32_16,fixed_0.3,natSW,natSW,36,36,1.0,36
2017,32_16,fixed_0.3,oth,con,1,1,1.0,0
2017,32_16,fixed_0.3,oth,lab,1,1,1.0,0
2017,32_16,fixed_0.3,oth,oth,2,0,0.0,0
2017,64_32,validation_all_rates,con,con,298,297,0.9966442953020134,297
2017,64_32,validation_all_rates,con,lab,27,0,0.0,27
2017,64_32,validation_all_rates,con,lib,5,0,0.0,5
2017,64_32,validation_all_rates,lab,con,6,0,0.0,6
2017,64_32,validation_all_rates,lab,lab,225,225,1.0,225
2017,64_32,validation_all_rates,lib,con,1,1,1.0,0
2017,64_32,validation_all_rates,lib,lab,2,2,1.0,0
2017,64_32,validation_all_rates,lib,lib,4,2,0.5,2
2017,64_32,validation_all_rates,lib,natSW,1,1,1.0,0
2017,64_32,validation_all_rates,natSW,con,13,0,0.0,13
2017,64_32,validation_all_rates,natSW,lab,6,0,0.0,6
2017,64_32,validation_all_rates,natSW,lib,4,0,0.0,4
2017,64_32,validation_all_rates,natSW,natSW,36,36,1.0,36
2017,64_32,validation_all_rates,oth,con,1,1,1.0,0
2017,64_32,validation_all_rates,oth,lab,1,1,1.0,0
2017,64_32,validation_all_rates,oth,oth,2,0,0.0,0
2017,64_32,fixed_0.3,con,con,298,298,1.0,298
2017,64_32,fixed_0.3,con,lab,27,0,0.0,27
2017,64_32,fixed_0.3,con,lib,5,0,0.0,5
2017,64_32,fixed_0.3,lab,con,6,0,0.0,6
2017,64_32,fixed_0.3,lab,lab,225,222,0.9866666666666667,222
2017,64_32,fixed_0.3,lib,con,1,1,1.0,0
2017,64_32,fixed_0.3,lib,lab,2,2,1.0,0
2017,64_32,fixed_0.3,lib,lib,4,2,0.5,2
2017,64_32,fixed_0.3,lib,natSW,1,0,0.0,1
2017,64_32,fixed_0.3,natSW,con,13,0,0.0,13
2017,64_32,fixed_0.3,natSW,lab,6,0,0.0,6
2017,64_32,fixed_0.3,natSW,lib,4,0,0.0,4
2017,64_32,fixed_0.3,natSW,natSW,36,36,1.0,36
2017,64_32,fixed_0.3,oth,con,1,1,1.0,0
2017,64_32,fixed_0.3,oth,lab,1,1,1.0,0
2017,64_32,fixed_0.3,oth,oth,2,0,0.0,0
2019,16,validation_all_rates,con,con,308,308,1.0,308
2019,16,validation_all_rates,con,lab,1,0,0.0,1
2019,16,validation_all_rates,con,lib,2,0,0.0,2
2019,16,validation_all_rates,con,natSW,8,0,0.0,8
2019,16,validation_all_rates,lab,con,53,13,0.24528301886792453,40
2019,16,validation_all_rates,lab,lab,201,197,0.9800995024875622,197
2019,16,validation_all_rates,lab,natSW,6,0,0.0,6
2019,16,validation_all_rates,lab,oth,1,0,0.0,1
2019,16,validation_all_rates,lib,con,3,3,1.0,0
2019,16,validation_all_rates,lib,lib,9,4,0.4444444444444444,4
2019,16,validation_all_rates,lib,natSW,1,0,0.0,1
2019,16,validation_all_rates,natSW,natSW,37,32,0.8648648648648649,32
2019,16,validation_all_rates,oth,con,1,1,1.0,0
2019,16,validation_all_rates,oth,oth,1,0,0.0,0
2019,16,fixed_0.3,con,con,308,308,1.0,308
2019,16,fixed_0.3,con,lab,1,0,0.0,1
2019,16,fixed_0.3,con,lib,2,0,0.0,2
2019,16,fixed_0.3,con,natSW,8,0,0.0,8
2019,16,fixed_0.3,lab,con,53,23,0.4339622641509434,30
2019,16,fixed_0.3,lab,lab,201,194,0.9651741293532339,194
2019,16,fixed_0.3,lab,natSW,6,6,1.0,0
2019,16,fixed_0.3,lab,oth,1,0,0.0,1
2019,16,fixed_0.3,lib,con,3,3,1.0,0
2019,16,fixed_0.3,lib,lib,9,4,0.4444444444444444,4
2019,16,fixed_0.3,lib,natSW,1,0,0.0,1
2019,16,fixed_0.3,natSW,natSW,37,37,1.0,37
2019,16,fixed_0.3,oth,con,1,1,1.0,0
2019,16,fixed_0.3,oth,oth,1,0,0.0,0
2019,32,validation_all_rates,con,con,308,308,1.0,308
2019,32,validation_all_rates,con,lab,1,0,0.0,1
2019,32,validation_all_rates,con,lib,2,0,0.0,2
2019,32,validation_all_rates,con,natSW,8,0,0.0,8
2019,32,validation_all_rates,lab,con,53,14,0.2641509433962264,39
2019,32,validation_all_rates,lab,lab,201,197,0.9800995024875622,197
2019,32,validation_all_rates,lab,natSW,6,0,0.0,6
2019,32,validation_all_rates,lab,oth,1,0,0.0,1
2019,32,validation_all_rates,lib,con,3,3,1.0,0
2019,32,validation_all_rates,lib,lib,9,4,0.4444444444444444,4
2019,32,validation_all_rates,lib,natSW,1,0,0.0,1
2019,32,validation_all_rates,natSW,natSW,37,24,0.6486486486486487,24
2019,32,validation_all_rates,oth,con,1,1,1.0,0
2019,32,validation_all_rates,oth,oth,1,0,0.0,0
2019,32,fixed_0.3,con,con,308,308,1.0,308
2019,32,fixed_0.3,con,lab,1,0,0.0,1
2019,32,fixed_0.3,con,lib,2,0,0.0,2
2019,32,fixed_0.3,con,natSW,8,0,0.0,8
2019,32,fixed_0.3,lab,con,53,27,0.5094339622641509,26
2019,32,fixed_0.3,lab,lab,201,193,0.9601990049751243,193
2019,32,fixed_0.3,lab,natSW,6,6,1.0,0
2019,32,fixed_0.3,lab,oth,1,0,0.0,1
2019,32,fixed_0.3,lib,con,3,3,1.0,0
2019,32,fixed_0.3,lib,lib,9,2,0.2222222222222222,2
2019,32,fixed_0.3,lib,natSW,1,0,0.0,1
2019,32,fixed_0.3,natSW,natSW,37,37,1.0,37
2019,32,fixed_0.3,oth,con,1,1,1.0,0
2019,32,fixed_0.3,oth,oth,1,0,0.0,0
2019,32_16,validation_all_rates,con,con,308,308,1.0,308
2019,32_16,validation_all_rates,con,lab,1,0,0.0,1
2019,32_16,validation_all_rates,con,lib,2,0,0.0,2
2019,32_16,validation_all_rates,con,natSW,8,0,0.0,8
2019,32_16,validation_all_rates,lab,con,53,18,0.33962264150943394,35
2019,32_16,validation_all_rates,lab,lab,201,197,0.9800995024875622,197
2019,32_16,validation_all_rates,lab,natSW,6,4,0.6666666666666666,2
2019,32_16,validation_all_rates,lab,oth,1,0,0.0,1
2019,32_16,validation_all_rates,lib,con,3,3,1.0,0
2019,32_16,validation_all_rates,lib,lib,9,1,0.1111111111111111,1
2019,32_16,validation_all_rates,lib,natSW,1,1,1.0,0
2019,32_16,validation_all_rates,natSW,natSW,37,37,1.0,37
2019,32_16,validation_all_rates,oth,con,1,1,1.0,0
2019,32_16,validation_all_rates,oth,oth,1,0,0.0,0
2019,32_16,fixed_0.3,con,con,308,308,1.0,308
2019,32_16,fixed_0.3,con,lab,1,0,0.0,1
2019,32_16,fixed_0.3,con,lib,2,0,0.0,2
2019,32_16,fixed_0.3,con,natSW,8,0,0.0,8
2019,32_16,fixed_0.3,lab,con,53,18,0.33962264150943394,35
2019,32_16,fixed_0.3,lab,lab,201,197,0.9800995024875622,197
2019,32_16,fixed_0.3,lab,natSW,6,4,0.6666666666666666,2
2019,32_16,fixed_0.3,lab,oth,1,0,0.0,1
2019,32_16,fixed_0.3,lib,con,3,3,1.0,0
2019,32_16,fixed_0.3,lib,lib,9,1,0.1111111111111111,1
2019,32_16,fixed_0.3,lib,natSW,1,1,1.0,0
2019,32_16,fixed_0.3,natSW,natSW,37,37,1.0,37
2019,32_16,fixed_0.3,oth,con,1,1,1.0,0
2019,32_16,fixed_0.3,oth,oth,1,0,0.0,0
2019,64_32,validation_all_rates,con,con,308,308,1.0,308
2019,64_32,validation_all_rates,con,lab,1,0,0.0,1
2019,64_32,validation_all_rates,con,lib,2,0,0.0,2
2019,64_32,validation_all_rates,con,natSW,8,0,0.0,8
2019,64_32,validation_all_rates,lab,con,53,18,0.33962264150943394,35
2019,64_32,validation_all_rates,lab,lab,201,195,0.9701492537313433,195
2019,64_32,validation_all_rates,lab,natSW,6,4,0.6666666666666666,2
2019,64_32,validation_all_rates,lab,oth,1,0,0.0,1
2019,64_32,validation_all_rates,lib,con,3,3,1.0,0
2019,64_32,validation_all_rates,lib,lib,9,1,0.1111111111111111,1
2019,64_32,validation_all_rates,lib,natSW,1,0,0.0,1
2019,64_32,validation_all_rates,natSW,natSW,37,37,1.0,37
2019,64_32,validation_all_rates,oth,con,1,1,1.0,0
2019,64_32,validation_all_rates,oth,oth,1,0,0.0,0
2019,64_32,fixed_0.3,con,con,308,308,1.0,308
2019,64_32,fixed_0.3,con,lab,1,0,0.0,1
2019,64_32,fixed_0.3,con,lib,2,0,0.0,2
2019,64_32,fixed_0.3,con,natSW,8,0,0.0,8
2019,64_32,fixed_0.3,lab,con,53,18,0.33962264150943394,35
2019,64_32,fixed_0.3,lab,lab,201,195,0.9701492537313433,195
2019,64_32,fixed_0.3,lab,natSW,6,4,0.6666666666666666,2
2019,64_32,fixed_0.3,lab,oth,1,0,0.0,1
2019,64_32,fixed_0.3,lib,con,3,3,1.0,0
2019,64_32,fixed_0.3,lib,lib,9,1,0.1111111111111111,1
2019,64_32,fixed_0.3,lib,natSW,1,0,0.0,1
2019,64_32,fixed_0.3,natSW,natSW,37,37,1.0,37
2019,64_32,fixed_0.3,oth,con,1,1,1.0,0
2019,64_32,fixed_0.3,oth,oth,1,0,0.0,0
