source_row,constituency_name,election,winner,previous_winner,prediction,complete_predictors,p_con,p_lab,p_lib,p_natSW,p_oth
3171,Aberavon,2019,lab,lab,lab,True,0.0009060544,0.9868964,0.0009318689,0.010330666,0.00093494065
3172,Aberconwy,2019,con,con,con,True,0.89760935,0.09294333,0.0052619986,0.0029684734,0.0012168133
3173,Aberdeen North,2019,natSW,natSW,natSW,True,0.053584855,0.19842961,0.07120075,0.6490998,0.027684953
3174,Aberdeen South,2019,natSW,con,con,True,0.69714576,0.08023169,0.045252208,0.16520399,0.0121663455
3175,Airdrie & Shotts,2019,natSW,natSW,natSW,True,0.054097258,0.2946314,0.05850914,0.5665164,0.026245814
3176,Aldershot,2019,con,con,con,True,0.9990164,0.00035863777,0.0005684785,2.1866023e-05,3.463805e-05
3177,Aldridge-Brownhills,2019,con,con,con,True,0.9997219,6.764564e-05,0.00019820908,4.2507954e-06,7.973963e-06
3178,Altrincham & Sale West,2019,con,con,con,True,0.9938971,0.0043998985,0.0014135127,0.00013808275,0.00015158132
3179,Alyn & Deeside,2019,lab,lab,lab,True,0.17455685,0.81629467,0.0035968125,0.003999236,0.0015524151
3180,Amber Valley,2019,con,con,con,True,0.9984458,0.00089634676,0.00058513356,3.231852e-05,4.0473784e-05
3181,Angus,2019,natSW,con,con,True,0.6657859,0.050933786,0.048496343,0.2239047,0.010879191
3182,Arfon,2019,natSW,natSW,natSW,True,0.030802298,0.36506787,0.04733686,0.53421915,0.02257375
3183,Argyll & Bute,2019,natSW,natSW,natSW,True,0.18149674,0.10616785,0.14638737,0.536468,0.02948003
3184,Arundel & South Downs,2019,con,con,con,True,0.9996813,4.8690603e-05,0.00025764114,4.364113e-06,8.014159e-06
3185,Ashfield,2019,con,lab,con,True,0.6634353,0.32776138,0.0054353117,0.00230452,0.0010635599
3186,Ashford,2019,con,con,con,True,0.99948376,0.00015567172,0.00033358712,9.576836e-06,1.7354978e-05
3187,Ashton Under Lyne,2019,lab,lab,lab,True,0.009380391,0.98655397,0.00089731335,0.0025491635,0.0006191367
3188,Aylesbury,2019,con,con,con,True,0.9990328,0.00028909493,0.00062261627,2.1390722e-05,3.4196233e-05
3189,Ayr Carrick & Cumnock,2019,natSW,con,con,True,0.5345822,0.13454671,0.05069843,0.26591855,0.014254098
3190,Banbury,2019,con,con,con,True,0.99870384,0.0006174493,0.0006053018,2.9508305e-05,4.374615e-05
3191,Banff & Buchan,2019,con,con,con,True,0.76887906,0.02963366,0.039548796,0.15400496,0.007933518
3192,Barking,2019,lab,lab,lab,True,0.0009471447,0.99536085,0.0004665446,0.0027544638,0.00047106482
3193,Barnsley Central,2019,lab,lab,lab,True,0.0016354698,0.99437284,0.0005359827,0.0029720915,0.0004835587
3194,Barnsley East,2019,lab,lab,lab,True,0.0050908197,0.9900991,0.0008716291,0.0033134997,0.0006250188
3195,Barrow & Furness,2019,con,lab,con,True,0.6382896,0.35516745,0.003878144,0.0016739477,0.0009908782
3196,Basildon & Billericay,2019,con,con,con,True,0.9996325,0.00010208774,0.00024805343,6.6113585e-06,1.0819938e-05
3197,Basingstoke,2019,con,con,con,True,0.998041,0.0010850861,0.00076576666,4.566754e-05,6.2463085e-05
3198,Bassetlaw,2019,con,lab,lab,True,0.3556936,0.63565123,0.0043243794,0.002892093,0.0014386976
3199,Bath,2019,lib,lib,con,True,0.6900494,0.011556523,0.28170678,0.010603214,0.0060841064
3200,Batley & Spen,2019,lab,lab,lab,True,0.08110038,0.9120938,0.0024070186,0.0032937638,0.0011049617
3201,Battersea,2019,lab,lab,lab,True,0.47537178,0.5128518,0.006529278,0.0033702753,0.0018768456
3202,Beaconsfield,2019,con,con,con,True,0.9997638,2.9698986e-05,0.0001987435,2.7192314e-06,5.071585e-06
3203,Beckenham,2019,con,con,con,True,0.9992981,0.0002121942,0.00044914646,1.3770414e-05,2.6782709e-05
3204,Bedford,2019,lab,lab,con,True,0.8167364,0.17572077,0.0049342467,0.0016590223,0.00094956986
3205,Bermondsey & Old Southwark,2019,lab,lab,lab,True,0.0069120117,0.9594944,0.009192331,0.020140674,0.004260587
3206,Berwickshire Roxburgh & Selkirk,2019,con,con,con,True,0.9674136,0.0050902795,0.012162783,0.013500748,0.0018325457
3207,Berwick-Upon-Tweed,2019,con,con,con,True,0.9978746,0.0003218256,0.0016796002,5.030528e-05,7.365139e-05
3208,Bethnal Green & Bow,2019,lab,lab,lab,True,0.00046554132,0.99444926,0.00047547958,0.004154538,0.00045521342
3209,Beverley & Holderness,2019,con,con,con,True,0.9990857,0.0003852183,0.0004810933,1.9270838e-05,2.864172e-05
3210,Bexhill & Battle,2019,con,con,con,True,0.999656,6.148021e-05,0.00026806604,5.0361205e-06,9.482381e-06
3211,Bexleyheath & Crayford,2019,con,con,con,True,0.99831486,0.0010151116,0.00058268534,3.4623063e-05,5.2831216e-05
3212,Birkenhead,2019,lab,lab,lab,True,0.00034758484,0.99674284,0.00028012434,0.0023388122,0.00029069983
3213,Birmingham Edgbaston,2019,lab,lab,lab,True,0.11990689,0.8722957,0.0030826812,0.0033869906,0.0013277865
3214,Birmingham Erdington,2019,lab,lab,lab,True,0.062335003,0.93155,0.002036644,0.0030424776,0.0010358889
3215,Birmingham Hall Green,2019,lab,lab,lab,True,0.00039245508,0.99499255,0.00043726052,0.0037995372,0.00037819875
3216,Birmingham Hodge Hill,2019,lab,lab,lab,True,0.00023823322,0.9961537,0.0002743663,0.003066149,0.00026761886
3217,Birmingham Ladywood,2019,lab,lab,lab,True,0.00021889464,0.9961178,0.00027411038,0.0031298525,0.0002592824
3218,Birmingham Northfield,2019,con,lab,lab,True,0.27879733,0.71289635,0.003887777,0.0029590977,0.0014594544
3219,Birmingham Perry Barr,2019,lab,lab,lab,True,0.0015436949,0.994629,0.00056394143,0.0027573025,0.0005059953
3220,Birmingham Selly Oak,2019,lab,lab,lab,True,0.007949314,0.98733443,0.0010147349,0.0029850218,0.0007165222
3221,Birmingham Yardley,2019,lab,lab,lab,True,0.004168203,0.9827677,0.002699511,0.008636384,0.0017282537
3222,Bishop Auckland,2019,con,lab,con,True,0.65893567,0.3344278,0.0038157958,0.0017362805,0.001084482
3223,Blackburn,2019,lab,lab,lab,True,0.0010453686,0.99612427,0.00038193728,0.0020591943,0.00038915212
3224,Blackley And Broughton,2019,lab,lab,lab,True,0.0006405275,0.99623793,0.00036451346,0.0023983726,0.0003586288
3225,Blackpool North & Cleveleys,2019,con,con,con,True,0.9689697,0.028623452,0.0017580346,0.00036569734,0.00028311406
3226,Blackpool South,2019,con,lab,lab,True,0.3240817,0.66837144,0.0036861256,0.0025569748,0.0013037525
3227,Blaenau Gwent,2019,lab,lab,lab,True,0.002920545,0.9081413,0.004379813,0.08062694,0.0039313873
3228,Blaydon,2019,lab,lab,lab,True,0.014889682,0.97657126,0.0021486538,0.005095603,0.0012947483
3229,Blyth Valley,2019,con,lab,lab,True,0.07813086,0.9142741,0.002651594,0.0036459405,0.001297489
3230,Bognor Regis & Littlehampton,2019,con,con,con,True,0.9995639,9.260725e-05,0.00032282763,7.3737274e-06,1.32630885e-05
3231,Bolsover,2019,con,lab,lab,True,0.25456297,0.7360452,0.0043973313,0.0034823962,0.0015120412
3232,Bolton North East,2019,con,lab,lab,True,0.2734638,0.71856225,0.0037937958,0.0028118338,0.0013683591
3233,Bolton South East,2019,lab,lab,lab,True,0.0059299115,0.9900489,0.00080267683,0.0026297956,0.0005887247
3234,Bolton West,2019,con,con,con,True,0.9410855,0.05567167,0.002252717,0.00057554536,0.00041442848
3235,Bootle,2019,lab,lab,lab,True,0.00015435793,0.99719936,0.0001812938,0.0022643497,0.00020066272
3236,Boston & Skegness,2019,con,con,con,True,0.9997486,5.2552834e-05,0.00018865928,3.8519493e-06,6.2997547e-06
3237,Bosworth,2019,con,con,con,True,0.9988531,0.0001381186,0.00095794117,2.1852828e-05,2.8888917e-05
3238,Bournemouth East,2019,con,con,con,True,0.9975591,0.0013445314,0.00094941835,6.466881e-05,8.230454e-05
3239,Bournemouth West,2019,con,con,con,True,0.9979742,0.0010683441,0.00083562563,5.191814e-05,6.988656e-05
3240,Bracknell,2019,con,con,con,True,0.99941045,0.00016465185,0.00039360486,1.1160732e-05,2.014846e-05
3241,Bradford East,2019,lab,lab,lab,True,0.00089120714,0.9950572,0.00047108653,0.0031417157,0.00043886335
3242,Bradford South,2019,lab,lab,lab,True,0.08549445,0.90774566,0.002400347,0.0032878541,0.0010717087
3243,Bradford West,2019,lab,lab,lab,True,0.0007383948,0.99477446,0.00047457148,0.0035816147,0.00043097712
3244,Braintree,2019,con,con,con,True,0.9997269,5.7516096e-05,0.00020412581,4.324706e-06,7.188274e-06
3245,Brecon & Radnorshire,2019,con,con,con,True,0.9932863,0.0004196674,0.005972182,0.0001631708,0.0001586863
3246,Brent Central,2019,lab,lab,lab,True,0.0005838467,0.9951056,0.00048937753,0.0033450567,0.00047606337
3247,Brent North,2019,lab,lab,lab,True,0.007786674,0.9879543,0.0009029346,0.0026391703,0.00071685825
3248,Brentford & Isleworth,2019,lab,lab,lab,True,0.049414743,0.9439907,0.0021602262,0.0032624681,0.001171755
3249,Brentwood & Ongar,2019,con,con,con,True,0.99978954,2.2239834e-05,0.00018191982,2.4726053e-06,3.7794402e-06
3250,Bridgend,2019,con,lab,lab,True,0.18544362,0.8036747,0.0041736746,0.004941284,0.0017666856
3251,Bridgwater & West Somerset,2019,con,con,con,True,0.99895084,0.00027593813,0.0007096889,2.5511617e-05,3.8012087e-05
3252,Brigg & Goole,2019,con,con,con,True,0.99935263,0.0002772177,0.00033806046,1.2488819e-05,1.9484936e-05
3253,Brighton Kemptown,2019,lab,lab,lab,True,0.07352015,0.91962874,0.0024038823,0.0033142674,0.0011329402
3254,Brighton Pavilion,2019,oth,oth,con,False,0.59518486,0.23602028,0.0906498,0.054042995,0.024102075
3255,Bristol East,2019,lab,lab,lab,True,0.026862103,0.9669321,0.0016330096,0.0035467702,0.0010260472
3256,Bristol North West,2019,lab,lab,lab,True,0.39936203,0.58996516,0.0053627593,0.0034813597,0.0018287624
3257,Bristol South,2019,lab,lab,lab,True,0.015531908,0.97802716,0.0015244482,0.003928322,0.0009881217
3258,Bristol West,2019,lab,lab,lab,True,0.0011792223,0.9906281,0.0010003151,0.006378673,0.0008136264
3259,Broadland,2019,con,con,con,True,0.99942875,0.0001348032,0.00040773157,1.1647988e-05,1.7152295e-05
3260,Bromley & Chislehurst,2019,con,con,con,True,0.99823844,0.0008806487,0.0007767216,4.093187e-05,6.332396e-05
3261,Bromsgrove,2019,con,con,con,True,0.99954337,0.00012907202,0.00030477572,8.35529e-06,1.4520406e-05
3262,Broxbourne,2019,con,con,con,True,0.9997097,6.992646e-05,0.00020751168,4.7906215e-06,8.0338195e-06
3263,Broxtowe,2019,con,con,con,True,0.9639468,0.03304703,0.0022804386,0.00041119131,0.0003145613
3264,Buckingham,2019,con,oth,con,False,0.85255563,0.06721119,0.055573124,0.01625573,0.008404328
3265,Burnley,2019,con,lab,lab,True,0.07453584,0.9092659,0.0064288555,0.0072989585,0.0024703804
3266,Burton,2019,con,con,con,True,0.9988077,0.00061581685,0.00051234494,2.6098884e-05,3.8054342e-05
3267,Bury North,2019,con,lab,lab,True,0.26663727,0.72647935,0.0031622387,0.0024124174,0.0013087133
3268,Bury South,2019,con,lab,lab,True,0.17038625,0.8227067,0.0029199864,0.0027550433,0.0012319498
3269,Bury St Edmunds,2019,con,con,con,True,0.9995481,0.00011139767,0.00031853857,8.641053e-06,1.3245956e-05
3270,Caerphilly,2019,lab,lab,lab,True,0.008003918,0.9546596,0.0039100023,0.030295,0.003131569
3271,Caithness Sutherland & Easter Ross,2019,lib,lib,natSW,True,0.11997996,0.094396934,0.3430237,0.40864307,0.03395638
3272,Calder Valley,2019,con,con,con,True,0.9362165,0.060119383,0.0025876586,0.00064231234,0.0004342934
3273,Camberwell & Peckham,2019,lab,lab,lab,True,0.00033907653,0.9951525,0.00040918714,0.003710951,0.0003882007
3274,Camborne And Redruth,2019,con,con,con,True,0.97742414,0.019710837,0.002172776,0.00036867862,0.00032356376
3275,Cambridge,2019,lab,lab,lab,True,0.0116608525,0.94986343,0.011163201,0.02206473,0.005247694
3276,Cannock Chase,2019,con,con,con,True,0.99818134,0.0010612555,0.00066130795,4.2315358e-05,5.3747546e-05
3277,Canterbury,2019,lab,lab,con,True,0.7588498,0.23289171,0.005378071,0.0017846993,0.001095753
3278,Cardiff Central,2019,lab,lab,lab,True,0.0021036454,0.98705614,0.0016673015,0.007914967,0.0012578662
3279,Cardiff North,2019,lab,lab,lab,True,0.2981076,0.69117177,0.004782784,0.0041435547,0.0017943081
3280,Cardiff South & Penarth,2019,lab,lab,lab,True,0.008221678,0.9840104,0.0014063107,0.0052921087,0.0010694215
3281,Cardiff West,2019,lab,lab,lab,True,0.011430843,0.97150314,0.0026041225,0.012475936,0.001985918
3282,Carlisle,2019,con,con,con,True,0.9774354,0.020329842,0.0016804775,0.00030274197,0.00025158335
3283,Carmarthen East & Dinefwr,2019,natSW,natSW,natSW,True,0.08008555,0.2632168,0.0733376,0.5555942,0.027765855
3284,Carmarthen West & South Pembrokeshire,2019,con,con,con,True,0.96171606,0.032667816,0.0035925463,0.0013457243,0.00067789
3285,Carshalton & Wallington,2019,con,lib,con,True,0.83418834,0.0107420925,0.14608622,0.005175217,0.0038080763
3286,Castle Point,2019,con,con,con,True,0.99985445,2.5305631e-05,0.00011509618,1.7939694e-06,3.217331e-06
3287,Central Ayrshire,2019,natSW,natSW,natSW,True,0.18679193,0.17221728,0.08502295,0.53278434,0.023183532
3288,Central Devon,2019,con,con,con,True,0.9988767,0.0002706455,0.0007850878,2.7669212e-05,3.9974122e-05
3289,Central Suffolk & North Ipswich,2019,con,con,con,True,0.99960834,0.00010047624,0.00027274337,7.2019843e-06,1.134728e-05
3290,Ceredigion,2019,natSW,natSW,natSW,True,0.09910728,0.21371666,0.17495134,0.4744861,0.03773865
3291,Charnwood,2019,con,con,con,True,0.9994953,0.00015939283,0.00032104144,9.493349e-06,1.4660921e-05
3292,Chatham & Aylesford,2019,con,con,con,True,0.9992008,0.00036631973,0.00038985425,1.6350232e-05,2.6643207e-05
3293,Cheadle,2019,con,con,con,True,0.97731525,0.0011291676,0.020647202,0.00047391705,0.00043453727
3294,Chelmsford,2019,con,con,con,True,0.9989103,0.00025670763,0.00077121647,2.6693724e-05,3.511425e-05
3295,Chelsea And Fulham,2019,con,con,con,True,0.99774617,0.0010331743,0.0010794495,5.6434706e-05,8.479792e-05
3296,Cheltenham,2019,con,con,con,True,0.9715966,0.0004551632,0.02736425,0.00033394157,0.00025009474
3297,Chesham & Amersham,2019,con,con,con,True,0.99951017,5.277794e-05,0.00041944688,6.633578e-06,1.09987905e-05
3298,Chesterfield,2019,lab,lab,lab,True,0.057882316,0.93359214,0.002908925,0.0042920327,0.0013245905
3299,Chichester,2019,con,con,con,True,0.9995182,6.5568376e-05,0.00039673536,7.1736663e-06,1.22721785e-05
3300,Chingford & Woodford Green,2019,con,con,con,True,0.97438115,0.023221808,0.0017998113,0.0003121981,0.00028503835
3301,Chippenham,2019,con,con,con,True,0.9978056,0.00015704136,0.0019478863,4.0540715e-05,4.900268e-05
3302,Chipping Barnet,2019,con,con,con,True,0.9297806,0.06647213,0.002606507,0.0006363961,0.0005043948
3303,Chorley,2019,oth,lab,lab,True,0.1321114,0.86159694,0.0024966376,0.0026316731,0.0011633115
3304,Christchurch,2019,con,con,con,True,0.99982816,1.814993e-05,0.00014890505,1.7776605e-06,3.0613803e-06
3305,Cities Of London And Westminster,2019,con,con,con,True,0.98571265,0.011326943,0.0023747687,0.0002866148,0.00029909503
3306,City Of Chester,2019,lab,lab,lab,True,0.082133666,0.9119962,0.002121775,0.002691417,0.0010569213
3307,City Of Durham,2019,lab,lab,lab,True,0.022061348,0.9687023,0.0025798858,0.0052238056,0.0014326887
3308,Clacton,2019,con,con,con,True,0.99973285,5.790957e-05,0.00019786364,4.3432638e-06,6.9139596e-06
3309,Cleethorpes,2019,con,con,con,True,0.9986741,0.00073897874,0.0005218879,2.794871e-05,3.7176378e-05
3310,Clwyd South,2019,con,lab,lab,True,0.15728644,0.82944405,0.0045565334,0.006645994,0.0020669196
3311,Clwyd West,2019,con,con,con,True,0.9698249,0.025160942,0.003295397,0.0011136957,0.0006051013
3312,Coatbridge Chryston And Bellshill,2019,natSW,lab,natSW,True,0.021947905,0.4431962,0.03398293,0.4823726,0.018500376
3313,Colchester,2019,con,con,con,True,0.9949525,0.0022743512,0.0024281698,0.00016840713,0.00017668761
3314,Colne Valley,2019,con,lab,con,True,0.6333768,0.35873973,0.004685885,0.0020649242,0.0011327001
3315,Congleton,2019,con,con,con,True,0.99866724,0.0006522763,0.0006053509,3.0925225e-05,4.4199016e-05
3316,Copeland,2019,con,con,con,True,0.9646177,0.032683507,0.001962705,0.0004119818,0.00032403553
3317,Corby,2019,con,con,con,True,0.9817753,0.016111407,0.001669531,0.00024249408,0.00020130604
3318,Coventry North East,2019,lab,lab,lab,True,0.005201906,0.99037486,0.00084924966,0.0029305203,0.00064350513
3319,Coventry North West,2019,lab,lab,lab,True,0.08779056,0.90473473,0.002727233,0.0035636672,0.0011838495
3320,Coventry South,2019,lab,lab,lab,True,0.096877225,0.8957098,0.0027734214,0.0034199886,0.0012195848
3321,Crawley,2019,con,con,con,True,0.9853031,0.012932571,0.0013691456,0.00020188717,0.00019325521
3322,Crewe & Nantwich,2019,con,lab,con,True,0.6511275,0.3424862,0.0038110986,0.0016226701,0.0009524565
3323,Croydon Central,2019,lab,lab,lab,True,0.25829616,0.7337146,0.0036145933,0.0028640884,0.0015105864
3324,Croydon North,2019,lab,lab,lab,True,0.000498192,0.9956851,0.00040840483,0.0029870209,0.00042124774
3325,Croydon South,2019,con,con,con,True,0.99784946,0.0012674428,0.0007666739,4.6628826e-05,6.9840906e-05
3326,Cumbernauld Kilsyth & Kirkintilloch East,2019,natSW,natSW,natSW,True,0.041846737,0.20535973,0.06298776,0.66465807,0.025147662
3327,Cynon Valley,2019,lab,lab,lab,True,0.0021409586,0.96745586,0.002212397,0.026075974,0.0021148557
3328,Dagenham And Rainham,2019,lab,lab,lab,True,0.22906622,0.76283425,0.0036223908,0.003083494,0.0013935942
3329,Darlington,2019,con,lab,lab,True,0.38260263,0.6093241,0.003944375,0.002667775,0.0014611261
3330,Dartford,2019,con,con,con,True,0.9992906,0.00030693662,0.00036443054,1.4207859e-05,2.3856192e-05
3331,Daventry,2019,con,con,con,True,0.99967927,5.08481e-05,0.00025739224,4.7738176e-06,7.625099e-06
3332,Delyn,2019,con,lab,lab,True,0.19890806,0.790789,0.0040411884,0.004495179,0.0017665593
3333,Denton & Reddish,2019,lab,lab,lab,True,0.0028579484,0.99350893,0.0006178741,0.0024930271,0.000522347
3334,Derby North,2019,con,lab,con,True,0.59177315,0.3989244,0.005493297,0.002491238,0.0013178422
3335,Derby South,2019,lab,lab,lab,True,0.025400698,0.96856576,0.0016432669,0.0034603358,0.0009299143
3336,Derbyshire Dales,2019,con,con,con,True,0.99941,0.00017203962,0.00038908125,1.13655e-05,1.7528855e-05
3337,Devizes,2019,con,con,con,True,0.99964535,4.816287e-05,0.0002928855,5.225934e-06,8.341985e-06
3338,Dewsbury,2019,con,lab,lab,True,0.43302506,0.5590252,0.0041351323,0.0025093444,0.0013052197
3339,Don Valley,2019,con,lab,lab,True,0.20160043,0.7905664,0.0033997104,0.0031164205,0.0013170419
3340,Doncaster Central,2019,lab,lab,lab,True,0.023893245,0.97057915,0.0014695728,0.0032401152,0.0008179617
3341,Doncaster North,2019,lab,lab,lab,True,0.004583836,0.99089986,0.0007976744,0.0031245926,0.00059410016
3342,Dover,2019,con,con,con,True,0.9963342,0.0026958152,0.00081399316,7.177447e-05,8.415138e-05
3343,Dudley North,2019,con,lab,con,True,0.7161726,0.27726448,0.004045008,0.0016212601,0.0008967461
3344,Dudley South,2019,con,con,con,True,0.99873334,0.000659526,0.00053811737,2.8956027e-05,3.997975e-05
3345,Dulwich & West Norwood,2019,lab,lab,lab,True,0.0008790274,0.99369586,0.000707006,0.0040972605,0.0006209576
3346,Dumfries And Galloway,2019,con,con,con,True,0.71764874,0.081550755,0.037900034,0.15211877,0.010781656
3347,Dumfriesshire Clydesdale And Tweeddale,2019,con,con,con,True,0.929407,0.018696478,0.016983721,0.03092947,0.003983239
3348,Dundee East,2019,natSW,natSW,natSW,True,0.070573114,0.1693877,0.078087784,0.6545131,0.027438283
3349,Dundee West,2019,natSW,natSW,natSW,True,0.038263492,0.18502054,0.063003756,0.6895724,0.02413985
3350,Dunfermline And West Fife,2019,natSW,natSW,natSW,True,0.06775518,0.275951,0.06911214,0.558002,0.029179633
3351,Dwyfor Meirionnydd,2019,natSW,natSW,natSW,True,0.088237286,0.15461686,0.086299606,0.644724,0.026122216
3352,Ealing Central And Acton,2019,lab,lab,lab,True,0.018943353,0.97538507,0.0015217415,0.0031771418,0.00097266585
3353,Ealing North,2019,lab,lab,lab,True,0.0024506592,0.9938094,0.0006088269,0.002547866,0.00058322924
3354,Ealing Southall,2019,lab,lab,lab,True,0.00077345956,0.99501085,0.00052412786,0.0031863474,0.00050522306
3355,Easington,2019,lab,lab,lab,True,0.0021642454,0.9931938,0.0006443021,0.0034013533,0.0005963159
3356,East Devon,2019,con,con,con,True,0.99924266,0.00014636616,0.00057120906,1.8751361e-05,2.1006039e-05
3357,East Dunbartonshire,2019,natSW,lib,natSW,True,0.087046966,0.09305999,0.39204782,0.3971354,0.030709755
3358,East Ham,2019,lab,lab,lab,True,0.00018650052,0.9965168,0.00024615967,0.002782809,0.00026776918
3359,East Hampshire,2019,con,con,con,True,0.9995829,2.808547e-05,0.00037792604,4.2932925e-06,6.6963576e-06
3360,East Kilbride Strathaven And Lesmahagow,2019,natSW,natSW,natSW,True,0.06754529,0.22721124,0.07043499,0.60715055,0.027657922
3361,East Lothian,2019,natSW,lab,lab,True,0.10897368,0.4838868,0.046890397,0.33979177,0.02045736
3362,East Renfrewshire,2019,natSW,con,con,True,0.5822873,0.15017213,0.044877455,0.20897147,0.013691688
3363,East Surrey,2019,con,con,con,True,0.99955577,5.252369e-05,0.00037514098,6.235353e-06,1.0293303e-05
3364,East Worthing & Shoreham,2019,con,con,con,True,0.99351007,0.004998781,0.0012224,0.00013169317,0.0001370461
3365,East Yorkshire,2019,con,con,con,True,0.9992732,0.0002706769,0.00041837065,1.5057548e-05,2.2718052e-05
3366,Eastbourne,2019,con,lib,con,True,0.881559,0.0017906588,0.11364131,0.0018663497,0.0011426881
3367,Eastleigh,2019,con,con,con,True,0.99690264,0.00023045696,0.0027345777,5.777899e-05,7.458273e-05
3368,Eddisbury,2019,con,con,con,True,0.99878675,0.0005610944,0.000583125,2.806611e-05,4.0961142e-05
3369,Edinburgh East,2019,natSW,natSW,natSW,True,0.043056015,0.21613316,0.06345758,0.6516466,0.025706667
3370,Edinburgh North & Leith,2019,natSW,natSW,natSW,True,0.09869933,0.2661113,0.07514836,0.5311647,0.028876295
3371,Edinburgh South,2019,lab,lab,lab,True,0.008437702,0.8044365,0.0104336,0.16779566,0.008896617
3372,Edinburgh South West,2019,natSW,natSW,natSW,True,0.1773786,0.1892188,0.08765604,0.52044976,0.025296887
3373,Edinburgh West,2019,lib,lib,natSW,True,0.11683835,0.11138147,0.30449945,0.43131328,0.035967402
3374,Edmonton,2019,lab,lab,lab,True,0.00073516153,0.99573004,0.0004340766,0.0026509825,0.00044966434
3375,Ellesmere Port & Neston,2019,lab,lab,lab,True,0.02739713,0.9680502,0.0012716205,0.0025266386,0.0007544405
3376,Elmet And Rothwell,2019,con,con,con,True,0.99708605,0.0019314975,0.0008481789,6.2087245e-05,7.217542e-05
3377,Eltham,2019,lab,lab,lab,True,0.14685532,0.84544945,0.0031285721,0.0031224757,0.0014441587
3378,Enfield North,2019,lab,lab,lab,True,0.03914376,0.9554019,0.0016158972,0.002872895,0.0009656125
3379,Enfield Southgate,2019,lab,lab,lab,True,0.29485995,0.69613045,0.004276299,0.0030559157,0.0016773564
3380,Epping Forest,2019,con,con,con,True,0.99970114,5.551424e-05,0.00023085337,4.781049e-06,7.608898e-06
3381,Epsom & Ewell,2019,con,con,con,True,0.9994167,8.9366586e-05,0.00046821628,9.4344e-06,1.6304844e-05
3382,Erewash,2019,con,con,con,True,0.9931859,0.005443753,0.0011442481,0.000114735194,0.00011132681
3383,Erith & Thamesmead,2019,lab,lab,lab,True,0.029648334,0.9650509,0.0014612719,0.002942931,0.00089659786
3384,Esher & Walton,2019,con,con,con,True,0.9992134,6.695561e-05,0.0006920729,1.090701e-05,1.6658512e-05
3385,Exeter,2019,lab,lab,lab,True,0.016892502,0.9772676,0.0013950643,0.0035011992,0.0009435689
3386,Falkirk,2019,natSW,natSW,natSW,True,0.07706429,0.21305652,0.07371468,0.6087222,0.027442386
3387,Fareham,2019,con,con,con,True,0.99969405,5.6276796e-05,0.00023689237,4.3255723e-06,8.368635e-06
3388,Faversham & Mid Kent,2019,con,con,con,True,0.99962646,7.838551e-05,0.0002780246,5.8793476e-06,1.1227161e-05
3389,Feltham & Heston,2019,lab,lab,lab,True,0.008723153,0.98680735,0.0009588654,0.0027835704,0.00072713004
3390,Filton And Bradley Stoke,2019,con,con,con,True,0.9918623,0.006297791,0.0014902292,0.00017190228,0.0001777151
3391,Finchley & Golders Green,2019,con,con,con,True,0.9603513,0.036400426,0.0023839637,0.00046132234,0.00040301416
3392,Folkestone & Hythe,2019,con,con,con,True,0.9991609,0.00025921274,0.00053286145,1.8284187e-05,2.884679e-05
3393,Forest Of Dean,2019,con,con,con,True,0.99829865,0.00092374755,0.0006802071,4.1502477e-05,5.6011195e-05
3394,Fylde,2019,con,con,con,True,0.9990815,0.0003927187,0.00047461674,1.9957828e-05,3.128293e-05
3395,Gainsborough,2019,con,con,con,True,0.9995533,9.940316e-05,0.0003269679,7.743174e-06,1.249401e-05
3396,Garston And Halewood,2019,lab,lab,lab,True,0.00032747776,0.99670106,0.0002811164,0.002400314,0.0002900337
3397,Gateshead,2019,lab,lab,lab,True,0.0021132203,0.9929536,0.00072272564,0.0035463523,0.0006640045
3398,Gedling,2019,con,lab,lab,True,0.35705918,0.6341655,0.004396858,0.0029484122,0.001430017
3399,Gillingham And Rainham,2019,con,con,con,True,0.9987119,0.0007129711,0.00050744193,2.7353995e-05,4.0285235e-05
3400,Glasgow Central,2019,natSW,natSW,natSW,True,0.03448153,0.22242276,0.056415,0.6636114,0.023069248
3401,Glasgow East,2019,natSW,natSW,natSW,True,0.039232425,0.2966024,0.052669067,0.586758,0.024738098
3402,Glasgow North,2019,natSW,natSW,natSW,True,0.040725473,0.27063078,0.057706527,0.60549146,0.025445798
3403,Glasgow North East,2019,natSW,lab,natSW,True,0.020196574,0.41170454,0.03377674,0.51687664,0.017445501
3404,Glasgow North West,2019,natSW,natSW,natSW,True,0.041152563,0.22515199,0.060957752,0.6475396,0.025198106
3405,Glasgow South,2019,natSW,natSW,natSW,True,0.042021777,0.24552283,0.05928942,0.6276481,0.025517827
3406,Glasgow South West,2019,natSW,natSW,natSW,True,0.034086645,0.28710017,0.050304778,0.6053119,0.02319653
3407,Glenrothes,2019,natSW,natSW,natSW,True,0.042937297,0.21671668,0.06238855,0.65245146,0.025506
3408,Gloucester,2019,con,con,con,True,0.99398243,0.0044515445,0.0012880054,0.0001349256,0.00014315845
3409,Gordon,2019,natSW,con,con,True,0.5857542,0.052468188,0.07819517,0.2692877,0.014294805
3410,Gosport,2019,con,con,con,True,0.99967,7.8027966e-05,0.00023670727,5.120381e-06,1.0165357e-05
3411,Gower,2019,lab,lab,lab,True,0.3294949,0.66013235,0.0046367818,0.0040018274,0.0017341559
3412,Grantham & Stamford,2019,con,con,con,True,0.999629,7.6517295e-05,0.0002783675,6.2061795e-06,9.874081e-06
3413,Gravesham,2019,con,con,con,True,0.998696,0.00073682005,0.0004996046,2.7345242e-05,4.022196e-05
3414,Great Grimsby,2019,con,lab,lab,True,0.34946865,0.6415164,0.004513131,0.0030840978,0.00141776
3415,Great Yarmouth,2019,con,con,con,True,0.9987942,0.00060207595,0.0005387181,2.928275e-05,3.581329e-05
3416,Greenwich & Woolwich,2019,lab,lab,lab,True,0.0020987678,0.99291056,0.0008461465,0.0034167722,0.0007277281
3417,Guildford,2019,con,con,con,True,0.9981777,0.00011796957,0.0016387599,2.7601263e-05,3.797626e-05
3418,Hackney North & Stoke Newington,2019,lab,lab,lab,True,0.0004188853,0.9945694,0.00047771944,0.004092178,0.0004417554
3419,Hackney South & Shoreditch,2019,lab,lab,lab,True,0.00027918705,0.9952978,0.00037011362,0.0037009057,0.000351981
3420,Halesowen & Rowley Regis,2019,con,con,con,True,0.9954036,0.0033431412,0.001047157,0.000101226746,0.0001049976
3421,Halifax,2019,lab,lab,lab,True,0.20746092,0.7845278,0.003512523,0.0031572501,0.0013415529
3422,Haltemprice & Howden,2019,con,con,con,True,0.9994353,0.00018604568,0.0003508201,1.0596491e-05,1.7299775e-05
3423,Halton,2019,lab,lab,lab,True,0.00052432215,0.99653673,0.0003261906,0.0022817496,0.00033098995
3424,Hammersmith,2019,lab,lab,lab,True,0.0031986616,0.9922272,0.00083509955,0.003027294,0.0007117809
3425,Hampstead And Kilburn,2019,lab,lab,lab,True,0.013830108,0.9801089,0.0015547106,0.0035124593,0.0009937738
3426,Harborough,2019,con,con,con,True,0.99822694,0.0005356587,0.0011325713,4.6449124e-05,5.8344704e-05
3427,Harlow,2019,con,con,con,True,0.99842614,0.00089110516,0.00060160126,3.724341e-05,4.3948596e-05
3428,Harrogate & Knaresborough,2019,con,con,con,True,0.9980132,0.00015189157,0.0017564145,3.6166766e-05,4.237504e-05
3429,Harrow East,2019,con,con,con,True,0.96189976,0.03556899,0.0018339425,0.0003772848,0.0003199944
3430,Harrow West,2019,lab,lab,lab,True,0.014998767,0.9803608,0.0011187791,0.0027255819,0.0007960709
3431,Hartlepool,2019,lab,lab,lab,True,0.077776626,0.9146578,0.002563207,0.0038130519,0.0011892847
3432,Harwich And North Essex,2019,con,con,con,True,0.99949896,0.00013554713,0.00034041432,9.996924e-06,1.5086662e-05
3433,Hastings & Rye,2019,con,con,con,True,0.959376,0.037829865,0.0020122384,0.0004393626,0.00034262153
3434,Havant,2019,con,con,con,True,0.99960005,8.625373e-05,0.0002950531,6.5719273e-06,1.2143035e-05
3435,Hayes & Harlington,2019,lab,lab,lab,True,0.00231358,0.99417317,0.0005513068,0.0024141343,0.0005478477
3436,Hazel Grove,2019,con,con,con,True,0.98650706,0.0009254307,0.01191336,0.00032787235,0.00032632766
3437,Hemel Hempstead,2019,con,con,con,True,0.99878997,0.00053312915,0.0006084944,2.961684e-05,3.872782e-05
3438,Hemsworth,2019,lab,lab,lab,True,0.030030742,0.9639605,0.0016782383,0.003457989,0.0008725467
3439,Hendon,2019,con,con,con,True,0.9478425,0.04913828,0.0021385928,0.00048634643,0.00039432422
3440,Henley,2019,con,con,con,True,0.9993619,6.3173786e-05,0.00055168296,9.002795e-06,1.4250659e-05
3441,Hereford And South Herefordshire,2019,con,con,con,True,0.9991242,0.0002036809,0.0006242321,2.0009185e-05,2.780206e-05
3442,Hertford & Stortford,2019,con,con,con,True,0.99956477,8.8441695e-05,0.00032661058,7.896311e-06,1.2242528e-05
3443,Hertsmere,2019,con,con,con,True,0.9996463,7.964856e-05,0.00025790403,6.152071e-06,9.883289e-06
3444,Hexham,2019,con,con,con,True,0.99841547,0.0007696521,0.0007129697,3.9889484e-05,6.202073e-05
3445,Heywood & Middleton,2019,con,lab,lab,True,0.090104595,0.9033576,0.0024235153,0.0030407829,0.0010734535
3446,High Peak,2019,con,lab,con,True,0.59792787,0.39301643,0.0053595575,0.0023838994,0.0013122592
3447,Hitchin & Harpenden,2019,con,con,con,True,0.9987607,0.00038210728,0.0007826177,3.240596e-05,4.2155065e-05
3448,Holborn & St Pancras,2019,lab,lab,lab,True,0.0007533809,0.9940711,0.0006252451,0.0039832126,0.00056717976
3449,Hornchurch And Upminster,2019,con,con,con,True,0.99952364,0.00016092001,0.0002892199,8.732025e-06,1.7562435e-05
3450,Hornsey & Wood Green,2019,lab,lab,lab,True,0.0014178219,0.9891693,0.0014129443,0.0069725355,0.0010273841
3451,Horsham,2019,con,con,con,True,0.9994664,6.7244386e-05,0.00044518028,7.959023e-06,1.3266821e-05
3452,Houghton & Sunderland South,2019,lab,lab,lab,True,0.011683242,0.98285466,0.0011669815,0.0034760744,0.0008189762
3453,Hove,2019,lab,lab,lab,True,0.008178236,0.98707753,0.0009895775,0.003054161,0.0007004809
3454,Huddersfield,2019,lab,lab,lab,True,0.012238638,0.9828893,0.0011104835,0.0030496535,0.00071206724
3455,Huntingdon,2019,con,con,con,True,0.99916524,0.00023248224,0.00055585813,1.9545667e-05,2.6876365e-05
3456,Hyndburn,2019,con,lab,lab,True,0.13875145,0.8545783,0.0026968957,0.0028107208,0.0011626905
3457,Ilford North,2019,lab,lab,lab,True,0.067901045,0.92621386,0.0019778772,0.0027999736,0.001107245
3458,Ilford South,2019,lab,lab,lab,True,0.00044117463,0.9961885,0.00035227486,0.0026357467,0.0003822384
3459,Inverclyde,2019,natSW,natSW,natSW,True,0.046374287,0.28618005,0.05727715,0.5841254,0.026043117
3460,Inverness Nairn Badenoch And Strathspey,2019,natSW,natSW,natSW,True,0.11099337,0.13206646,0.10923312,0.61874866,0.028958375
3461,Ipswich,2019,con,lab,con,True,0.8070509,0.18646622,0.004149044,0.0015098143,0.00082402874
3462,Isle Of Wight,2019,con,con,con,True,0.9991878,0.0002495762,0.00051799684,1.8577444e-05,2.5965142e-05
3463,Islington North,2019,lab,lab,lab,True,0.00053190277,0.993711,0.0005988104,0.004635106,0.00052307046
3464,Islington South & Finsbury,2019,lab,lab,lab,True,0.0019706152,0.9904272,0.001274705,0.005358626,0.0009688921
3465,Islwyn,2019,lab,lab,lab,True,0.0055509135,0.9822707,0.0016789855,0.009106888,0.0013924707
3466,Jarrow,2019,lab,lab,lab,True,0.0024309247,0.9929587,0.0006808442,0.003297345,0.00063215586
3467,Keighley,2019,con,lab,con,True,0.6654667,0.32739705,0.004308242,0.0018459068,0.0009820445
3468,Kenilworth And Southam,2019,con,con,con,True,0.9994925,8.5551466e-05,0.00039936075,8.635242e-06,1.383864e-05
3469,Kensington,2019,con,con,con,True,0.9107798,0.08304261,0.0043989797,0.0009798626,0.00079874526
3470,Kettering,2019,con,con,con,True,0.9989543,0.00050721085,0.0004868494,2.176351e-05,2.985387e-05
3471,Kilmarnock & Loudoun,2019,natSW,natSW,natSW,True,0.06775664,0.18466032,0.07391413,0.6468176,0.026851261
3472,Kingston & Surbiton,2019,lib,lib,con,True,0.7749864,0.008274301,0.20681587,0.0059226574,0.0040007574
3473,Kingston Upon Hull East,2019,lab,lab,lab,True,0.009909212,0.9845996,0.0012041327,0.0035286627,0.0007583619
3474,Kingston Upon Hull North,2019,lab,lab,lab,True,0.001967599,0.9933876,0.0006951462,0.0033560793,0.0005935703
3475,Kingston Upon Hull West & Hessle,2019,lab,lab,lab,True,0.022268608,0.9694251,0.0022658694,0.0048907134,0.0011497465
3476,Kingswood,2019,con,con,con,True,0.9975971,0.0015359536,0.0007433932,5.379874e-05,6.9840324e-05
3477,Kirkcaldy & Cowdenbeath,2019,natSW,lab,natSW,True,0.04252183,0.44000286,0.042959068,0.45254153,0.02197468
3478,Knowsley,2019,lab,lab,lab,True,0.00013083224,0.9970911,0.00017190186,0.0024167348,0.00018937669
3479,Lanark & Hamilton East,2019,natSW,natSW,natSW,True,0.17462875,0.27874428,0.07336919,0.4487323,0.024525473
3480,Lancaster & Fleetwood,2019,lab,lab,lab,True,0.109494366,0.8841418,0.0024501227,0.0027810673,0.0011325656
3481,Leeds Central,2019,lab,lab,lab,True,0.0006048549,0.9957263,0.00038641883,0.0029010894,0.00038141166
3482,Leeds East,2019,lab,lab,lab,True,0.006949776,0.9885985,0.00087465916,0.0029538784,0.0006231355
3483,Leeds North East,2019,lab,lab,lab,True,0.0055749984,0.9899311,0.0008636715,0.0029851084,0.00064516376
3484,Leeds North West,2019,lab,lab,lab,True,0.032056056,0.8986143,0.030676672,0.029618645,0.009034315
3485,Leeds West,2019,lab,lab,lab,True,0.0022043083,0.9937523,0.0005972056,0.0029281792,0.00051800424
3486,Leicester East,2019,lab,lab,lab,True,0.0014219185,0.99456966,0.00056718534,0.0029229564,0.0005183817
3487,Leicester South,2019,lab,lab,lab,True,0.00060760527,0.9957889,0.000418803,0.002778673,0.0004061569
3488,Leicester West,2019,lab,lab,lab,True,0.0115401605,0.9833664,0.001152407,0.003180168,0.00076095207
3489,Leigh,2019,con,lab,lab,True,0.037504178,0.957195,0.0015972685,0.002856622,0.0008469496
3490,Lewes,2019,con,con,con,True,0.98452294,0.00021159374,0.014993265,0.00014617559,0.00012611372
3491,Lewisham Deptford,2019,lab,lab,lab,True,0.00035814528,0.99521255,0.00040764254,0.0036272332,0.00039441738
3492,Lewisham East,2019,lab,lab,lab,True,0.0010902982,0.99465007,0.00058786763,0.0031163355,0.00055546046
3493,Lewisham West And Penge,2019,lab,lab,lab,True,0.0013073635,0.99389666,0.00070576655,0.0034572673,0.0006328897
3494,Leyton & Wanstead,2019,lab,lab,lab,True,0.0008641839,0.994305,0.000628844,0.0036279939,0.0005739378
3495,Lichfield,2019,con,con,con,True,0.99965507,7.8402576e-05,0.00025095517,5.6054714e-06,9.955205e-06
3496,Lincoln,2019,con,lab,con,True,0.62092245,0.37083343,0.0049175685,0.0021904719,0.001136069
3497,Linlithgow And East Falkirk,2019,natSW,natSW,natSW,True,0.10540317,0.23707607,0.07664881,0.5533115,0.027560383
3498,Liverpool Riverside,2019,lab,lab,lab,True,0.00014328519,0.99699926,0.00018424126,0.0024732014,0.00020004583
3499,Liverpool Walton,2019,lab,lab,lab,True,0.00011975372,0.99715567,0.00016008693,0.0023848778,0.00017958802
3500,Liverpool Wavertree,2019,lab,lab,lab,True,0.00027195574,0.9960443,0.0003141484,0.0030667365,0.00030287338
3501,Liverpool West Derby,2019,lab,lab,lab,True,0.00015026503,0.99703914,0.00017959505,0.0024307189,0.0002002547
3502,Livingston,2019,natSW,natSW,natSW,True,0.058766566,0.22546151,0.06778462,0.62078166,0.027205605
3503,Llanelli,2019,lab,lab,lab,True,0.007816498,0.92721146,0.0054577207,0.05507662,0.0044376706
3504,Loughborough,2019,con,con,con,True,0.9911208,0.007159674,0.001418107,0.0001574453,0.00014400366
3505,Louth & Horncastle,2019,con,con,con,True,0.99971515,5.9755006e-05,0.00021335404,4.3919686e-06,7.3443603e-06
3506,Ludlow,2019,con,con,con,True,0.9995715,5.781909e-05,0.0003541051,6.36888e-06,1.0224316e-05
3507,Luton North,2019,lab,lab,lab,True,0.01921046,0.97471315,0.001414146,0.0036859657,0.0009762918
3508,Luton South,2019,lab,lab,lab,True,0.021122098,0.9723193,0.0015767014,0.0039526983,0.0010292076
3509,Macclesfield,2019,con,con,con,True,0.9966499,0.0021503365,0.0010244193,7.976401e-05,9.559511e-05
3510,Maidenhead,2019,con,con,con,True,0.99970657,2.7656573e-05,0.00025704346,3.1966379e-06,5.517646e-06
3511,Maidstone & The Weald,2019,con,con,con,True,0.9990679,0.00010732515,0.0007849699,1.5639544e-05,2.410546e-05
3512,Makerfield,2019,lab,lab,lab,True,0.008451952,0.9872382,0.0009492681,0.002708982,0.00065159815
3513,Maldon,2019,con,con,con,True,0.9998628,1.73991e-05,0.00011577157,1.5161752e-06,2.544511e-06
3514,Manchester Central,2019,lab,lab,lab,True,0.00028585878,0.9964571,0.00027807459,0.0026925826,0.000286387
3515,Manchester Gorton,2019,lab,lab,lab,True,0.00026697075,0.99543655,0.0003224341,0.0036560267,0.00031798094
3516,Manchester Withington,2019,lab,lab,lab,True,0.0007138063,0.99201,0.00085255475,0.005751016,0.0006726439
3517,Mansfield,2019,con,con,con,True,0.96506083,0.032215428,0.0020523267,0.00039098348,0.0002805044
3518,Meon Valley,2019,con,con,con,True,0.99973947,2.2717108e-05,0.00023063947,2.6458272e-06,4.551658e-06
3519,Meriden,2019,con,con,con,True,0.9996271,8.116338e-05,0.0002747469,6.265271e-06,1.0701568e-05
3520,Merthyr Tydfil & Rhymney,2019,lab,lab,lab,True,0.0010460712,0.98619115,0.0010394964,0.010707023,0.0010161258
3521,Mid Bedfordshire,2019,con,con,con,True,0.99966013,7.173134e-05,0.0002531432,5.7522584e-06,9.323575e-06
3522,Mid Derbyshire,2019,con,con,con,True,0.999123,0.0003906616,0.0004428578,1.8025068e-05,2.560734e-05
3523,Mid Dorset & North Poole,2019,con,con,con,True,0.9984025,5.4369204e-05,0.0015017956,1.9623656e-05,2.1762928e-05
3524,Mid Norfolk,2019,con,con,con,True,0.9995371,0.00012234093,0.00031780108,8.992975e-06,1.3752152e-05
3525,Mid Sussex,2019,con,con,con,True,0.9992398,0.00012802708,0.000595351,1.3891314e-05,2.2839738e-05
3526,Mid Worcestershire,2019,con,con,con,True,0.99974585,3.6586214e-05,0.0002086157,3.3170854e-06,5.6865424e-06
3527,Middlesbrough,2019,lab,lab,lab,True,0.0028456077,0.9929743,0.0006225876,0.0029680657,0.00058943406
3528,Middlesbrough South & East Cleveland,2019,con,con,con,True,0.9582907,0.03914053,0.0018025081,0.00041807332,0.00034822864
3529,Midlothian,2019,natSW,lab,lab,True,0.056124352,0.45059547,0.046545707,0.42411488,0.022619631
3530,Milton Keynes North,2019,con,con,con,True,0.97658604,0.021062855,0.0017689358,0.00031581018,0.00026634248
3531,Milton Keynes South,2019,con,con,con,True,0.97317517,0.024466729,0.001748715,0.00033641257,0.0002729802
3532,Mitcham & Morden,2019,lab,lab,lab,True,0.0010692726,0.9951091,0.00052355067,0.002779874,0.0005181862
3533,Mole Valley,2019,con,con,con,True,0.999365,2.8830842e-05,0.00059159065,6.09681e-06,8.606103e-06
3534,Monmouth,2019,con,con,con,True,0.9967135,0.0021129397,0.0009942821,8.669851e-05,9.259314e-05
3535,Montgomeryshire,2019,con,con,con,True,0.99582225,0.00027063524,0.0037115726,9.6762786e-05,9.8868724e-05
3536,Moray,2019,con,con,con,True,0.7576432,0.035127852,0.03881704,0.16004021,0.008371648
3537,Morecambe And Lunesdale,2019,con,con,con,True,0.95586157,0.04103572,0.0022173128,0.000504677,0.00038073218
3538,Morley & Outwood,2019,con,con,con,True,0.9694253,0.028201643,0.0017763382,0.00033491562,0.0002618231
3539,Motherwell & Wishaw,2019,natSW,natSW,natSW,True,0.042900752,0.2906537,0.055392273,0.58546996,0.025583321
3540,Na H-Eileanan An Iar,2019,natSW,natSW,natSW,True,0.04116222,0.234867,0.05965509,0.63914347,0.025172224
3541,Neath,2019,lab,lab,lab,True,0.004955591,0.96155405,0.0031490948,0.02764908,0.0026921178
3542,New Forest East,2019,con,con,con,True,0.9995247,3.9782866e-05,0.0004208005,5.602954e-06,9.061501e-06
3543,New Forest West,2019,con,con,con,True,0.9997775,2.1561444e-05,0.00019472635,2.2427384e-06,4.041322e-06
3544,Newark,2019,con,con,con,True,0.99961025,9.754175e-05,0.0002747316,6.5700187e-06,1.0950325e-05
3545,Newbury,2019,con,con,con,True,0.999225,3.153109e-05,0.0007256068,7.449912e-06,1.031373e-05
3546,Newcastle Upon Tyne Central,2019,lab,lab,lab,True,0.0023848068,0.9925084,0.00078223704,0.0036204767,0.0007041604
3547,Newcastle Upon Tyne East,2019,lab,lab,lab,True,0.001278592,0.9933286,0.00071956316,0.004018292,0.00065494573
3548,Newcastle Upon Tyne North,2019,lab,lab,lab,True,0.046197064,0.9461179,0.002382902,0.004063935,0.0012382533
3549,Newcastle-Under-Lyme,2019,con,lab,con,True,0.74378324,0.2494807,0.00426012,0.0015380889,0.00093788916
3550,Newport East,2019,lab,lab,lab,True,0.031129897,0.96179944,0.001856195,0.0041117617,0.0011027439
3551,Newport West,2019,lab,lab,lab,True,0.14051202,0.85063,0.003307353,0.0040708096,0.0014798333
3552,Newton Abbot,2019,con,con,con,True,0.9985387,0.00015583588,0.001237801,2.9136685e-05,3.861187e-05
3553,Normanton Pontefract And Castleford,2019,lab,lab,lab,True,0.008516235,0.9867223,0.0009781177,0.0031309824,0.0006524179
3554,North Ayrshire And Arran,2019,natSW,natSW,natSW,True,0.12654753,0.18167105,0.08235628,0.5839592,0.025465945
3555,North Cornwall,2019,con,con,con,True,0.99083215,0.00021051968,0.008724162,0.00012402883,0.00010917437
3556,North Devon,2019,con,con,con,True,0.9815162,0.00050640793,0.01744137,0.00029208808,0.00024402472
3557,North Dorset,2019,con,con,con,True,0.9996333,3.147295e-05,0.00032411952,4.479053e-06,6.701811e-06
3558,North Durham,2019,lab,lab,lab,True,0.011211841,0.9828477,0.0013098016,0.0037188795,0.0009117763
3559,North East Bedfordshire,2019,con,con,con,True,0.99963367,8.035555e-05,0.00026926762,6.418436e-06,1.0219004e-05
3560,North East Cambridgeshire,2019,con,con,con,True,0.99978876,3.531159e-05,0.00016813965,2.9507758e-06,4.855251e-06
3561,North East Derbyshire,2019,con,con,con,True,0.9857931,0.012226602,0.001588084,0.00021192664,0.00018019213
3562,North East Fife,2019,lib,lib,natSW,True,0.11706384,0.08889507,0.29010996,0.47193003,0.032001123
3563,North East Hampshire,2019,con,con,con,True,0.999716,2.1976733e-05,0.00025460584,2.79429e-06,4.6442715e-06
3564,North East Hertfordshire,2019,con,con,con,True,0.99949914,0.00010794044,0.00036879786,9.704325e-06,1.4411363e-05
3565,North East Somerset,2019,con,con,con,True,0.9982563,0.00079302303,0.0008397214,4.6360936e-05,6.4574735e-05
3566,North Herefordshire,2019,con,con,con,True,0.9995615,4.2236712e-05,0.0003818834,5.837588e-06,8.581403e-06
3567,North Norfolk,2019,con,lib,con,True,0.84815836,0.0028366924,0.1439583,0.0032031438,0.0018434722
3568,North Shropshire,2019,con,con,con,True,0.9994513,0.00015796605,0.00036224982,1.06712705e-05,1.787297e-05
3569,North Somerset,2019,con,con,con,True,0.9990002,0.00025871745,0.00068156427,2.435988e-05,3.52019e-05
3570,North Swindon,2019,con,con,con,True,0.9974054,0.0016532622,0.00080529106,6.059071e-05,7.5449876e-05
3571,North Thanet,2019,con,con,con,True,0.99907,0.00043657795,0.00044285832,1.9612087e-05,3.099467e-05
3572,North Tyneside,2019,lab,lab,lab,True,0.0036679488,0.99164474,0.0007702213,0.003236878,0.00068020046
3573,North Warwickshire,2019,con,con,con,True,0.9983937,0.00092685083,0.0005959379,3.5360896e-05,4.8152273e-05
3574,North West Cambridgeshire,2019,con,con,con,True,0.99950963,0.00013531878,0.00033063872,9.748204e-06,1.4754321e-05
3575,North West Durham,2019,con,lab,lab,True,0.07694658,0.9134348,0.003491383,0.004584726,0.0015425719
3576,North West Hampshire,2019,con,con,con,True,0.9996265,5.4992404e-05,0.00030373532,5.2478786e-06,9.499536e-06
3577,North West Leicestershire,2019,con,con,con,True,0.9991558,0.00030749108,0.0004929929,1.7841554e-05,2.5827938e-05
3578,North West Norfolk,2019,con,con,con,True,0.9995858,0.00012686414,0.0002670631,7.770796e-06,1.2450206e-05
3579,North Wiltshire,2019,con,con,con,True,0.9992819,5.4733595e-05,0.0006391883,1.0258365e-05,1.3858783e-05
3580,Northampton North,2019,con,con,con,True,0.96667016,0.03059856,0.002073293,0.00037611715,0.00028186658
3581,Northampton South,2019,con,con,con,True,0.9727168,0.024575878,0.002087372,0.0003495633,0.00027039234
3582,Norwich North,2019,con,con,con,True,0.9792967,0.018437054,0.0017412339,0.0002976829,0.00022733884
3583,Norwich South,2019,lab,lab,lab,True,0.019461889,0.9725374,0.0020035708,0.0047801845,0.0012168773
3584,Nottingham East,2019,lab,lab,lab,True,0.00071878475,0.99549437,0.00045762677,0.0028944383,0.00043478166
3585,Nottingham North,2019,lab,lab,lab,True,0.0121095,0.9827267,0.0011729327,0.0032271978,0.0007636488
3586,Nottingham South,2019,lab,lab,lab,True,0.008128693,0.9869312,0.0010591212,0.003139905,0.00074108865
3587,Nuneaton,2019,con,con,con,True,0.99388504,0.0047051744,0.0011595046,0.00012513487,0.0001251273
3588,Ochil & South Perthshire,2019,natSW,con,con,True,0.5797369,0.098488756,0.05225239,0.2558176,0.013704278
3589,Ogmore,2019,lab,lab,lab,True,0.0024916686,0.9867836,0.0012301083,0.008359388,0.0011352564
3590,Old Bexley & Sidcup,2019,con,con,con,True,0.9995553,0.00014285686,0.00027753803,7.798747e-06,1.651455e-05
3591,Oldham East & Saddleworth,2019,lab,lab,lab,True,0.0629375,0.9306127,0.0022371784,0.0031633643,0.001049239
3592,Oldham West & Royton,2019,lab,lab,lab,True,0.0020638588,0.9945556,0.0005336113,0.0023638825,0.00048314244
3593,Orkney And Shetland,2019,lib,lib,lib,True,0.07364114,0.06291829,0.58989507,0.2507216,0.022823954
3594,Orpington,2019,con,con,con,True,0.9996481,6.743161e-05,0.0002679088,5.38351e-06,1.1208666e-05
3595,Oxford East,2019,lab,lab,lab,True,0.0017887242,0.99157304,0.0010589245,0.004777291,0.00080200704
3596,Oxford West & Abingdon,2019,lib,lib,con,True,0.8931881,0.0025205899,0.10069863,0.0021646814,0.0014280023
3597,Paisley & Renfrewshire North,2019,natSW,natSW,natSW,True,0.083341286,0.23758872,0.07322754,0.57782495,0.028017541
3598,Paisley & Renfrewshire South,2019,natSW,natSW,natSW,True,0.044432648,0.23556893,0.06190253,0.63199914,0.026096776
3599,Pendle,2019,con,con,con,True,0.9521841,0.044989146,0.0019943165,0.00047921244,0.00035331715
3600,Penistone And Stocksbridge,2019,con,lab,con,True,0.55528915,0.43546504,0.005308297,0.0026217387,0.0013157597
3601,Penrith & The Border,2019,con,con,con,True,0.99945414,0.00012335842,0.00039523887,1.0232533e-05,1.708752e-05
3602,Perth And North Perthshire,2019,natSW,con,con,True,0.48210257,0.057219125,0.07021172,0.37754452,0.012922039
3603,Peterborough,2019,con,lab,con,True,0.8278964,0.16589329,0.004060356,0.0013688799,0.0007809951
3604,Plymouth Moor View,2019,con,con,con,True,0.99478376,0.003982486,0.0010147046,0.00010651325,0.00011244861
3605,Plymouth Sutton And Devonport,2019,lab,lab,lab,True,0.2229073,0.7681492,0.0037987113,0.0035587992,0.0015860191
3606,Pontypridd,2019,lab,lab,lab,True,0.008766037,0.9688528,0.003173309,0.016773429,0.0024344153
3607,Poole,2019,con,con,con,True,0.99925554,0.0001970592,0.0005051333,1.6194435e-05,2.604642e-05
3608,Poplar & Limehouse,2019,lab,lab,lab,True,0.0010184594,0.99374497,0.0007018156,0.0039152014,0.0006196425
3609,Portsmouth North,2019,con,con,con,True,0.998854,0.00051998283,0.0005613401,2.5628595e-05,3.9080907e-05
3610,Portsmouth South,2019,lab,lab,con,True,0.566964,0.4134833,0.012289495,0.004738636,0.002524594
3611,Preseli Pembrokeshire,2019,con,con,con,True,0.89279956,0.0998856,0.0043663527,0.002017837,0.0009306131
3612,Preston,2019,lab,lab,lab,True,0.0009890923,0.99558127,0.0004643327,0.0025292195,0.00043604578
3613,Pudsey,2019,con,con,con,True,0.93572724,0.060801923,0.0024507886,0.0006038299,0.00041625992
3614,Putney,2019,lab,con,con,True,0.9584543,0.036954984,0.0034417484,0.0006043721,0.00054451684
3615,Rayleigh And Wickford,2019,con,con,con,True,0.9998461,2.556502e-05,0.00012310428,1.925102e-06,3.3526655e-06
3616,Reading East,2019,lab,lab,lab,True,0.4743269,0.5154097,0.005722601,0.0029771524,0.0015635898
3617,Reading West,2019,con,con,con,True,0.98707855,0.010936093,0.0015665904,0.00021175349,0.0002069956
3618,Redcar,2019,con,lab,lab,True,0.03975558,0.95209837,0.0024897286,0.004349189,0.0013070914
3619,Redditch,2019,con,con,con,True,0.9976012,0.0014223565,0.00084521424,6.0695682e-05,7.055677e-05
3620,Reigate,2019,con,con,con,True,0.99935615,0.00011505342,0.00049782643,1.15489565e-05,1.9385323e-05
3621,Rhondda,2019,lab,lab,lab,True,0.0015662778,0.90851295,0.003129152,0.08379273,0.0029988117
3622,Ribble Valley,2019,con,con,con,True,0.9988862,0.0004958164,0.00055473816,2.5167537e-05,3.79505e-05
3623,Richmond (Yorkshire),2019,con,con,con,True,0.9996885,5.54609e-05,0.00024401021,4.5486395e-06,7.3720016e-06
3624,Richmond Park,2019,lib,con,con,True,0.945789,0.00077927404,0.052484848,0.000533325,0.00041348278
3625,Rochdale,2019,lab,lab,lab,True,0.007132119,0.9868066,0.0013869685,0.003773496,0.0009008454
3626,Rochester And Strood,2019,con,con,con,True,0.9985179,0.0008637484,0.0005416175,3.2017866e-05,4.464591e-05
3627,Rochford & Southend East,2019,con,con,con,True,0.9967591,0.0020921314,0.0009817051,8.560293e-05,8.142158e-05
3628,Romford,2019,con,con,con,True,0.9993498,0.00027089886,0.00034255077,1.2522306e-05,2.425751e-05
3629,Romsey And Southampton North,2019,con,con,con,True,0.99882,8.198184e-05,0.001057729,1.6426251e-05,2.3831042e-05
3630,Ross Skye & Lochaber,2019,natSW,natSW,natSW,True,0.081771836,0.12405473,0.12948906,0.6346996,0.029984826
3631,Rossendale & Darwen,2019,con,con,con,True,0.9796964,0.01820012,0.0015965148,0.0002727154,0.0002343761
3632,Rother Valley,2019,con,lab,lab,True,0.30676055,0.68386966,0.0045807934,0.0033765435,0.0014124375
3633,Rotherham,2019,lab,lab,lab,True,0.0073478064,0.98636466,0.0012932396,0.004169416,0.0008249013
3634,Rugby,2019,con,con,con,True,0.99769354,0.0013052467,0.00087266386,5.6433288e-05,7.2085895e-05
3635,Ruislip Northwood And Pinner,2019,con,con,con,True,0.9990889,0.00033064865,0.00052582833,1.9440278e-05,3.516873e-05
3636,Runnymede & Weybridge,2019,con,con,con,True,0.99960625,7.9305944e-05,0.00029642807,6.229465e-06,1.1743157e-05
3637,Rushcliffe,2019,con,con,con,True,0.9966754,0.0021423523,0.0010249526,7.573309e-05,8.161845e-05
3638,Rutherglen & Hamilton West,2019,natSW,lab,natSW,True,0.030363405,0.4278699,0.041738775,0.4780995,0.02192853
3639,Rutland & Melton,2019,con,con,con,True,0.99965084,4.8194608e-05,0.0002878372,5.160356e-06,7.903967e-06
3640,Saffron Walden,2019,con,con,con,True,0.9995531,4.085699e-05,0.0003916001,6.2022095e-06,8.368831e-06
3641,Salford And Eccles,2019,lab,lab,lab,True,0.0014639592,0.995056,0.00051109225,0.0024977983,0.00047125906
3642,Salisbury,2019,con,con,con,True,0.99931,0.00013349485,0.0005211452,1.3817228e-05,2.1491878e-05
3643,Scarborough And Whitby,2019,con,con,con,True,0.98092127,0.016831195,0.0017373527,0.00028415633,0.00022606373
3644,Scunthorpe,2019,con,lab,lab,True,0.30897784,0.683164,0.003736388,0.002793494,0.0013282241
3645,Sedgefield,2019,con,lab,lab,True,0.14451018,0.8479557,0.0029491899,0.0032804993,0.0013044622
3646,Sefton Central,2019,lab,lab,lab,True,0.0071852184,0.98901594,0.0008086427,0.0023886922,0.0006014671
3647,Selby And Ainsty,2019,con,con,con,True,0.9990633,0.00042632507,0.00046227704,1.943459e-05,2.8640876e-05
3648,Sevenoaks,2019,con,con,con,True,0.9997219,3.5118945e-05,0.00023346573,3.4084617e-06,6.163957e-06
3649,Sheffield Brightside And Hillsborough,2019,lab,lab,lab,True,0.00083797314,0.9952712,0.000453892,0.003004869,0.00043210358
3650,Sheffield Central,2019,lab,lab,lab,True,0.00044755553,0.99466926,0.0004283463,0.00404655,0.0004083092
3651,Sheffield Hallam,2019,lab,lab,lab,True,0.097838536,0.80651313,0.05482056,0.02968508,0.011142684
3652,Sheffield Heeley,2019,lab,lab,lab,True,0.0061118556,0.98857003,0.0010536137,0.0035358667,0.00072858296
3653,Sheffield South East,2019,lab,lab,lab,True,0.012649785,0.98189104,0.0012673852,0.0034172945,0.0007745037
3654,Sherwood,2019,con,con,con,True,0.9936651,0.004982103,0.0011325873,0.00011268109,0.00010751787
3655,Shipley,2019,con,con,con,True,0.9885375,0.009666921,0.0014403242,0.00018542775,0.00016986846
3656,Shrewsbury & Atcham,2019,con,con,con,True,0.99486953,0.0033953185,0.001460244,0.00013145825,0.00014348308
3657,Sittingbourne & Sheppey,2019,con,con,con,True,0.9995655,0.00014627032,0.00026603794,7.671085e-06,1.44760215e-05
3658,Skipton & Ripon,2019,con,con,con,False,0.99902326,0.00011694802,0.000819876,1.6360911e-05,2.362872e-05
3659,Sleaford & North Hykeham,2019,con,con,con,True,0.99972934,5.219003e-05,0.00020765924,4.0602094e-06,6.7367487e-06
3660,Slough,2019,lab,lab,lab,True,0.009907609,0.9850966,0.0010904169,0.003170029,0.0007354215
3661,Solihull,2019,con,con,con,True,0.9991294,9.3107825e-05,0.00074215233,1.4691165e-05,2.0638083e-05
3662,Somerton & Frome ,2019,con,con,con,True,0.99875563,9.005209e-05,0.0011084991,2.0324955e-05,2.5470328e-05
3663,South Basildon And East Thurrock,2019,con,con,con,True,0.99939334,0.00022657987,0.00034847914,1.3055671e-05,1.8530181e-05
3664,South Cambridgeshire,2019,con,con,con,True,0.99824554,0.0002750977,0.0013835421,4.3834454e-05,5.205259e-05
3665,South Derbyshire,2019,con,con,con,True,0.99909705,0.0004115644,0.0004466575,1.8459783e-05,2.623969e-05
3666,South Dorset,2019,con,con,con,True,0.99891317,0.0004488527,0.00057262555,2.6167163e-05,3.927174e-05
3667,South East Cambridgeshire,2019,con,con,con,True,0.9984125,0.0002339386,0.0012702347,3.7413538e-05,4.5843943e-05
3668,South East Cornwall,2019,con,con,con,True,0.9986267,0.00015960193,0.0011478807,2.8055574e-05,3.7743215e-05
3669,South Holland & The Deepings,2019,con,con,con,True,0.9998744,1.5009852e-05,0.00010709652,1.2756751e-06,2.1917547e-06
3670,South Leicestershire,2019,con,con,con,True,0.99959296,0.0001035311,0.00028494367,7.1756463e-06,1.1363931e-05
3671,South Norfolk,2019,con,con,con,True,0.99940455,0.00014696468,0.00041792798,1.2259761e-05,1.829141e-05
3672,South Northamptonshire,2019,con,con,con,True,0.9996339,7.746792e-05,0.0002726664,6.045794e-06,9.834283e-06
3673,South Ribble,2019,con,con,con,True,0.9951617,0.0036077604,0.0010232916,9.896645e-05,0.00010826225
3674,South Shields,2019,lab,lab,lab,True,0.0046933973,0.9903038,0.00084848236,0.003456746,0.00069763884
3675,South Staffordshire,2019,con,con,con,True,0.9998542,2.4751842e-05,0.00011622331,1.6421936e-06,3.2261e-06
3676,South Suffolk,2019,con,con,con,True,0.99962854,7.948371e-05,0.00027514284,6.5458516e-06,1.0258458e-05
3677,South Swindon,2019,con,con,con,True,0.9829504,0.014717097,0.0017925948,0.00028692943,0.00025297742
3678,South Thanet,2019,con,con,con,True,0.9964029,0.0025564204,0.00087613304,7.674712e-05,8.770618e-05
3679,South West Bedfordshire,2019,con,con,con,True,0.99945533,0.00017854526,0.000338031,1.1038067e-05,1.7074844e-05
3680,South West Devon,2019,con,con,con,True,0.99945563,0.000160697,0.00035434723,1.0913127e-05,1.8360399e-05
3681,South West Hertfordshire,2019,con,con,con,True,0.999389,9.671773e-05,0.00048630458,1.1636124e-05,1.6304826e-05
3682,South West Norfolk,2019,con,con,con,True,0.9997223,5.8594975e-05,0.00020737512,4.4148705e-06,7.340563e-06
3683,South West Surrey,2019,con,con,con,True,0.9994621,5.0343886e-05,0.00046891114,7.526317e-06,1.0987503e-05
3684,South West Wiltshire,2019,con,con,con,True,0.99944496,0.00011267185,0.0004149677,1.0398993e-05,1.6990201e-05
3685,Southampton Itchen,2019,con,con,con,True,0.951445,0.045609962,0.002086904,0.00048986834,0.0003682447
3686,Southampton Test,2019,lab,lab,lab,True,0.031248689,0.9621769,0.0019126509,0.0036595948,0.0010021965
3687,Southend West,2019,con,con,con,True,0.99911153,0.0003473286,0.00049169024,2.1109186e-05,2.8327137e-05
3688,Southport,2019,con,con,con,True,0.9505175,0.035027012,0.012135596,0.0012026618,0.0011173134
3689,Spelthorne,2019,con,con,con,True,0.9993404,0.00021997312,0.0004037347,1.3233772e-05,2.2602695e-05
3690,St Albans,2019,lib,con,con,True,0.98888063,0.000972214,0.009551949,0.0003152596,0.0002799768
3691,St Austell And Newquay,2019,con,con,con,True,0.9966582,0.0006849267,0.0024247544,0.000102171834,0.00012989769
3692,St Helens North,2019,lab,lab,lab,True,0.0023927516,0.9939352,0.0006027224,0.00254827,0.000521036
3693,St Helens South And Whiston,2019,lab,lab,lab,True,0.00089404016,0.9953998,0.00048504715,0.002777181,0.00044400702
3694,St Ives,2019,con,con,con,True,0.9572029,0.001167041,0.040428687,0.00068216526,0.00051923323
3695,Stafford,2019,con,con,con,True,0.9973543,0.0017016493,0.000812072,5.9445923e-05,7.250726e-05
3696,Staffordshire Moorlands,2019,con,con,con,True,0.99916494,0.00033985235,0.00044883732,1.8366865e-05,2.7957105e-05
3697,Stalybridge And Hyde,2019,lab,lab,lab,True,0.048851684,0.94582176,0.0017109469,0.0027163527,0.00089920405
3698,Stevenage,2019,con,con,con,True,0.993914,0.004660756,0.0011813471,0.00012573977,0.00011808318
3699,Stirling,2019,natSW,con,con,True,0.3987006,0.13790591,0.06683355,0.3802814,0.01627855
3700,Stockport,2019,lab,lab,lab,True,0.0031108237,0.992884,0.00072508847,0.002690887,0.00058934157
3701,Stockton North,2019,lab,lab,lab,True,0.05910387,0.9346455,0.0019398466,0.0032578073,0.0010530382
3702,Stockton South,2019,con,lab,con,True,0.6350328,0.3584451,0.003674799,0.001760526,0.0010868199
3703,Stoke-On-Trent Central,2019,con,lab,lab,True,0.21814518,0.77324,0.0038693505,0.0033463973,0.0013991056
3704,Stoke-On-Trent North,2019,con,lab,con,True,0.50243217,0.48940715,0.004427367,0.0023958348,0.0013374302
3705,Stoke-On-Trent South,2019,con,con,con,True,0.96129674,0.03588263,0.0020471734,0.00043708627,0.00033638725
3706,Stone,2019,con,con,con,True,0.99965954,7.798664e-05,0.00024712144,5.5702944e-06,9.823357e-06
3707,Stourbridge,2019,con,con,con,True,0.9977829,0.0013572572,0.0007451268,5.141402e-05,6.334216e-05
3708,Stratford-On-Avon,2019,con,con,con,True,0.9995643,4.8058842e-05,0.0003723215,6.0263196e-06,9.2785485e-06
3709,Streatham,2019,lab,lab,lab,True,0.0009999981,0.9941074,0.0006658487,0.0036266935,0.0005999917
3710,Stretford & Urmston,2019,lab,lab,lab,True,0.0016298561,0.99519575,0.00047599594,0.0022478478,0.0004504735
3711,Stroud,2019,con,lab,con,True,0.7344685,0.25827414,0.004440834,0.0017751914,0.0010413157
3712,Suffolk Coastal,2019,con,con,con,True,0.9994403,0.0001439825,0.00038726517,1.1440191e-05,1.7058857e-05
3713,Sunderland Central,2019,lab,lab,lab,True,0.041909073,0.9509188,0.0021284672,0.0039021794,0.0011414804
3714,Surrey Heath,2019,con,con,con,True,0.9996875,3.4252364e-05,0.00026794046,3.7009358e-06,6.5448453e-06
3715,Sutton And Cheam,2019,con,con,con,True,0.9961972,0.00031269953,0.0033041593,7.882754e-05,0.00010715602
3716,Sutton Coldfield,2019,con,con,con,True,0.9994718,0.00016292502,0.00033785772,1.0185303e-05,1.7246555e-05
3717,Swansea East,2019,lab,lab,lab,True,0.0023849546,0.9905016,0.0009245378,0.0053364933,0.00085237145
3718,Swansea West,2019,lab,lab,lab,True,0.009461382,0.9828812,0.0014637231,0.005102206,0.0010914996
3719,Tamworth,2019,con,con,con,True,0.9993569,0.00023844783,0.0003702311,1.2893528e-05,2.1572912e-05
3720,Tatton,2019,con,con,con,True,0.99922884,0.00020588795,0.0005228033,1.6276712e-05,2.6245078e-05
3721,Taunton Deane,2019,con,con,con,True,0.9971415,0.00014568283,0.0026090657,4.9400824e-05,5.4443364e-05
3722,Telford,2019,con,con,con,True,0.9609186,0.03618634,0.002100552,0.0004498149,0.00034474477
3723,Tewkesbury,2019,con,con,con,True,0.9994014,7.546167e-05,0.00049829454,1.0003653e-05,1.4867811e-05
3724,The Cotswolds,2019,con,con,con,True,0.99936324,5.306741e-05,0.00056187867,9.162381e-06,1.267336e-05
3725,The Wrekin,2019,con,con,con,True,0.99852943,0.0007681467,0.0006206829,3.487306e-05,4.6872265e-05
3726,Thirsk And Malton,2019,con,con,con,True,0.9994709,0.00012103835,0.0003831131,9.742038e-06,1.51592485e-05
3727,Thornbury And Yate,2019,con,con,con,True,0.99692667,9.004879e-05,0.0029005897,4.126589e-05,4.1380707e-05
3728,Thurrock,2019,con,con,con,True,0.963281,0.03311262,0.0026450828,0.0006062289,0.00035511886
3729,Tiverton & Honiton,2019,con,con,con,True,0.9995456,9.725623e-05,0.0003353961,8.064431e-06,1.3712682e-05
3730,Tonbridge & Malling,2019,con,con,con,True,0.99973714,3.9893766e-05,0.00021313438,3.3770405e-06,6.3506945e-06
3731,Tooting,2019,lab,lab,lab,True,0.014260461,0.9802519,0.0013770119,0.0031990267,0.00091161794
3732,Torbay,2019,con,con,con,True,0.9975994,0.00017092955,0.0021296628,4.5929784e-05,5.4082215e-05
3733,Torfaen,2019,lab,lab,lab,True,0.012536888,0.97810364,0.0017618776,0.0063298615,0.0012676527
3734,Torridge & West Devon,2019,con,con,con,True,0.99891603,0.00012477674,0.0009099423,2.0754222e-05,2.8460421e-05
3735,Totnes,2019,con,con,con,True,0.99877346,0.0002791235,0.00087314023,3.0623738e-05,4.3586282e-05
3736,Tottenham,2019,lab,lab,lab,True,0.00021963278,0.99598247,0.00029529622,0.0032029345,0.00029964882
3737,Truro And Falmouth,2019,con,con,con,True,0.9866085,0.009477756,0.0031736481,0.00036618827,0.00037389115
3738,Tunbridge Wells,2019,con,con,con,True,0.9993213,0.00014665243,0.00049706985,1.3034556e-05,2.1938178e-05
3739,Twickenham,2019,lib,lib,con,True,0.58416706,0.007474661,0.3951514,0.008622637,0.0045841783
3740,Tynemouth,2019,lab,lab,lab,True,0.057643462,0.93571186,0.0020976427,0.0034247618,0.001122217
3741,Uxbridge And South Ruislip,2019,con,con,con,True,0.9917315,0.006747241,0.001227948,0.00014088809,0.00015238885
3742,Vale Of Clwyd,2019,con,lab,lab,True,0.38574168,0.60418427,0.0046380893,0.0037294687,0.0017064242
3743,Vale Of Glamorgan,2019,con,con,con,True,0.9575108,0.038687013,0.0025918267,0.00075930235,0.00045104782
3744,Vauxhall,2019,lab,lab,lab,True,0.003833734,0.9818366,0.0029977954,0.009402131,0.0019297295
3745,Wakefield,2019,con,lab,lab,True,0.483109,0.50894266,0.004276098,0.0024205558,0.0012517505
3746,Wallasey,2019,lab,lab,lab,True,0.0006434609,0.99644834,0.00034468842,0.002214548,0.00034909046
3747,Walsall North,2019,con,con,con,True,0.98705214,0.011013756,0.0015161149,0.00022385882,0.00019410298
3748,Walsall South,2019,lab,lab,lab,True,0.054773085,0.93928385,0.0018999644,0.0030700949,0.0009729566
3749,Walthamstow,2019,lab,lab,lab,True,0.00025426308,0.99609435,0.00030679666,0.0030260046,0.0003185424
3750,Wansbeck,2019,lab,lab,lab,True,0.027433991,0.9657828,0.0018446291,0.003858097,0.0010803903
3751,Wantage,2019,con,con,con,True,0.99882936,0.0002284911,0.0008787254,2.4953197e-05,3.8402795e-05
3752,Warley,2019,lab,lab,lab,True,0.0016520398,0.9944936,0.0005666324,0.0027803713,0.00050733954
3753,Warrington North,2019,lab,lab,lab,True,0.042056855,0.9524932,0.0016979048,0.0028649764,0.00088706583
3754,Warrington South,2019,con,lab,lab,True,0.47225642,0.5189117,0.0048522353,0.0025335266,0.0014461692
3755,Warwick And Leamington,2019,lab,lab,con,True,0.6337309,0.3571185,0.005497633,0.002338539,0.0013144858
3756,Washington And Sunderland West,2019,lab,lab,lab,True,0.008367633,0.9863806,0.0010401387,0.0034319982,0.00077977387
3757,Watford,2019,con,con,con,True,0.9877368,0.0095827095,0.0021656845,0.0002762852,0.00023840407
3758,Waveney,2019,con,con,con,True,0.9987501,0.00064949994,0.00053408695,2.9792292e-05,3.6401238e-05
3759,Wealden,2019,con,con,con,True,0.9995909,5.5407017e-05,0.0003377694,5.7894863e-06,1.0111633e-05
3760,Weaver Vale,2019,lab,lab,lab,True,0.30976784,0.6824198,0.0037999153,0.002620355,0.0013920385
3761,Wellingborough,2019,con,con,con,True,0.9990982,0.00038954554,0.00046646158,1.9316838e-05,2.6417392e-05
3762,Wells,2019,con,con,con,True,0.9889186,0.000237331,0.010572774,0.00014616153,0.00012514979
3763,Welwyn Hatfield,2019,con,con,con,True,0.9978312,0.0010997559,0.0009410906,5.975552e-05,6.816167e-05
3764,Wentworth And Dearne,2019,lab,lab,lab,True,0.004350507,0.9914776,0.00076057564,0.0028039734,0.00060729205
3765,West Aberdeenshire & Kincardine,2019,con,con,con,True,0.8915777,0.015941884,0.029573012,0.057614446,0.0052928524
3766,West Bromwich East,2019,con,lab,lab,True,0.059955142,0.934072,0.0019590496,0.0030072366,0.0010065559
3767,West Bromwich West,2019,con,lab,lab,True,0.19721317,0.79486096,0.0034295514,0.0031975463,0.0012987466
3768,West Dorset,2019,con,con,con,True,0.9982939,0.000120808116,0.0015192212,2.970777e-05,3.6353595e-05
3769,West Dunbartonshire,2019,natSW,natSW,natSW,True,0.037973814,0.23670158,0.056943078,0.64417523,0.024206255
3770,West Ham,2019,lab,lab,lab,True,0.00035681916,0.99575806,0.00035957815,0.0031527556,0.00037271559
3771,West Lancashire,2019,lab,lab,lab,True,0.032195844,0.96308625,0.001368995,0.0025587115,0.00079031213
3772,West Suffolk,2019,con,con,con,True,0.999673,7.489904e-05,0.00023745609,5.598301e-06,9.019592e-06
3773,West Worcestershire,2019,con,con,con,True,0.9995564,6.549804e-05,0.00035998758,6.9885996e-06,1.1113965e-05
3774,Westminster North,2019,lab,lab,lab,True,0.014073071,0.9805276,0.0013495976,0.003147475,0.0009022356
3775,Westmorland & Lonsdale,2019,lib,lib,con,True,0.8682192,0.002402981,0.12568083,0.002242413,0.0014545888
3776,Weston Super Mare,2019,con,con,con,True,0.9983982,0.000639778,0.00085734937,4.3714062e-05,6.086972e-05
3777,Wigan,2019,lab,lab,lab,True,0.0038071028,0.9924077,0.0006833742,0.002555754,0.0005459706
3778,Wimbledon,2019,con,con,con,True,0.99101245,0.0059114,0.0025792052,0.00022980815,0.00026713923
3779,Winchester,2019,con,con,con,True,0.99349356,0.00010742505,0.006272737,6.474267e-05,6.156093e-05
3780,Windsor,2019,con,con,con,True,0.99969405,3.8697075e-05,0.00025657544,3.7798327e-06,6.924473e-06
3781,Wirral South,2019,lab,lab,lab,True,0.05567916,0.9387517,0.0018552007,0.0027564163,0.0009576193
3782,Wirral West,2019,lab,lab,lab,True,0.16137767,0.83180046,0.0028496908,0.0027230647,0.0012491219
3783,Witham,2019,con,con,con,True,0.9997616,4.250339e-05,0.00018672968,3.473193e-06,5.7716084e-06
3784,Witney,2019,con,con,con,True,0.9986758,0.00011411081,0.001158088,2.1154661e-05,3.0845775e-05
3785,Woking,2019,con,con,con,True,0.9986898,0.00017370746,0.0010735893,2.5394707e-05,3.758577e-05
3786,Wokingham,2019,con,con,con,True,0.99904025,0.00013727392,0.00077710324,1.7397102e-05,2.7914983e-05
3787,Wolverhampton North East,2019,con,lab,lab,True,0.19827923,0.7936926,0.0034904007,0.0031917058,0.0013460342
3788,Wolverhampton South East,2019,lab,lab,lab,True,0.030199861,0.96437234,0.001501789,0.0030770467,0.0008489381
3789,Wolverhampton South West,2019,con,lab,con,True,0.5048712,0.4867443,0.0045777094,0.0024867002,0.0013201622
3790,Worcester,2019,con,con,con,True,0.9807393,0.016753549,0.0019253418,0.00031569737,0.000266215
3791,Workington,2019,con,lab,lab,True,0.23554258,0.7566839,0.0035732011,0.00286386,0.0013364642
3792,Worsley And Eccles South,2019,lab,lab,lab,True,0.05564598,0.9389003,0.001806196,0.0027125801,0.0009350168
3793,Worthing West,2019,con,con,con,True,0.9989864,0.00043385872,0.0005226657,2.2246324e-05,3.4849305e-05
3794,Wrexham,2019,con,lab,lab,True,0.410851,0.5774393,0.005421504,0.004380751,0.0019074387
3795,Wycombe,2019,con,con,con,True,0.99604666,0.0025811722,0.0011674736,9.282275e-05,0.00011180979
3796,Wyre And Preston North,2019,con,con,con,True,0.9988669,0.0005472883,0.0005232947,2.490608e-05,3.7534523e-05
3797,Wyre Forest,2019,con,con,con,True,0.99927807,0.000260218,0.0004221076,1.5515661e-05,2.416861e-05
3798,Wythenshawe & Sale East,2019,lab,lab,lab,True,0.004523657,0.9914602,0.00077699457,0.002642365,0.0005967609
3799,Yeovil,2019,con,con,con,True,0.99714947,9.784139e-05,0.00266931,4.105237e-05,4.2320935e-05
3800,Ynys Mon,2019,con,lab,lab,True,0.057337463,0.7164695,0.02528828,0.1875438,0.013360937
3801,York Central,2019,lab,lab,lab,True,0.0034744337,0.99224174,0.0007516897,0.0029209536,0.0006111854
3802,York Outer,2019,con,con,con,True,0.99562347,0.0026981242,0.0014424894,0.00011048706,0.00012535018
