constituency_name,country/region,winner,predicted_winner,probability_con,probability_lab,probability_lib,probability_natSW,probability_oth
Aldershot,South East,lab,lab,0.33612602717614004,0.3913527810593311,0.22339159932088823,0.024564796221820288,0.024564796221820288
Aldridge-Brownhills,West Midlands,con,con,0.7131593353797057,0.21760443653409023,0.04020605189241171,0.014515088096896231,0.014515088096896231
Altrincham and Sale West,North West,lab,lab,0.06950885506624423,0.8478445382996791,0.05819382602888559,0.012226390302595586,0.012226390302595586
Amber Valley,East Midlands,lab,con,0.4757115005671782,0.43861920201405924,0.051190086532754774,0.01723960544300391,0.01723960544300391
Arundel and South Downs,South East,con,con,0.4846192545743667,0.2063166813636275,0.2596882445559607,0.024687909753022597,0.024687909753022597
Ashfield,East Midlands,oth,lab,0.08156603395699136,0.7814270198683685,0.06754633092098729,0.03473030762682646,0.03473030762682646
Ashford,South East,lab,lab,0.40610857461632716,0.43965344212880764,0.10741456212783353,0.023411710563515955,0.023411710563515955
Ashton-under-Lyne,North West,lab,lab,0.008349541792380611,0.9703922762212667,0.011654637550963234,0.004801772217694804,0.004801772217694804
Aylesbury,South East,lab,lab,0.19687077275687392,0.4158340546840018,0.33920557831644244,0.02404479712134096,0.02404479712134096
Banbury,South East,lab,lab,0.19410604971249468,0.480513677784181,0.2791803445854745,0.023099963958924885,0.023099963958924885
Barking,London,lab,lab,0.0008762126970348389,0.9937192512436281,0.002831081796809159,0.0012867271312638946,0.0012867271312638946
Barnsley North,Yorkshire and The Humber,lab,lab,0.0058867144847644685,0.9451448211281219,0.025974039053474115,0.011497212666819832,0.011497212666819832
Barnsley South,Yorkshire and The Humber,lab,lab,0.0037775880149520055,0.9605109195085157,0.01887559780335946,0.008417947336586296,0.008417947336586296
Barrow and Furness,North West,lab,lab,0.10053191839580075,0.8514381909902298,0.026593864856880874,0.010718012878544366,0.010718012878544366
Basildon and Billericay,East of England,con,con,0.619526392825122,0.276629437446287,0.06721978442229423,0.018312192653148415,0.018312192653148415
Basingstoke,South East,lab,lab,0.1899702949786457,0.6427089987445874,0.12530990754575988,0.021005399365503497,0.021005399365503497
Bassetlaw,East Midlands,lab,lab,0.24128872677846247,0.6441828335707391,0.06961142209913647,0.02245850877583091,0.02245850877583091
Bath,South West,lib,lib,0.0033995209133574926,0.017972187964353906,0.9727307530141925,0.0029487690540479033,0.0029487690540479033
Battersea,London,lab,lab,0.008414088655145157,0.9433479134129825,0.03773632782939228,0.0052508350512398706,0.0052508350512398706
Beaconsfield,South East,con,con,0.4541606737052702,0.1778302828466915,0.29219208283340736,0.03790848030731537,0.03790848030731537
Beckenham and Penge,London,lab,lab,0.02135357395355119,0.8874861006493155,0.07269725570466402,0.009231534846234492,0.009231534846234492
Bedford,East of England,lab,lab,0.019779345472921983,0.9398492323924538,0.027571485564453987,0.0063999682850850404,0.0063999682850850404
Bermondsey and Old Southwark,London,lab,lab,0.0008707503988032158,0.8689462966139195,0.12321638038307746,0.0034832863020999917,0.0034832863020999917
Bethnal Green and Stepney,London,lab,lab,4.71715841980276e-05,0.9977492963010445,0.001468724319653969,0.00036740389755182033,0.00036740389755182033
Beverley and Holderness,Yorkshire and The Humber,con,con,0.4389358068475406,0.4343479376442964,0.08439446240852125,0.021160896549820823,0.021160896549820823
Bexhill and Battle,South East,con,con,0.5051366349352544,0.3137908850700557,0.13596916995908362,0.022551655017803172,0.022551655017803172
Bexleyheath and Crayford,London,lab,lab,0.35748151866751365,0.5567174281015496,0.05061426615689804,0.017593393537019407,0.017593393537019407
Bicester and Woodstock,South East,lib,lib,0.2312644960570058,0.2126805970940844,0.5108115685118214,0.022621669168544238,0.022621669168544238
Birkenhead,North West,lab,lab,0.0003125315918466508,0.99353333549546,0.0033275886436493346,0.0014132721345220208,0.0014132721345220208
Birmingham Edgbaston,West Midlands,lab,lab,0.004845149386422842,0.9793536507361471,0.009797857013094253,0.003001671432167901,0.003001671432167901
Birmingham Erdington,West Midlands,lab,lab,0.01170883024142908,0.9716571487977969,0.008690606157413822,0.003971707401680072,0.003971707401680072
Birmingham Hall Green and Moseley,West Midlands,lab,lab,0.0001585241487031807,0.9958752477807065,0.0024506337685158623,0.0007577971510372255,0.0007577971510372255
Birmingham Hodge Hill and Solihull North,West Midlands,lab,lab,0.0011522490367386685,0.9925347779112167,0.003467686747521947,0.0014226431522614267,0.0014226431522614267
Birmingham Ladywood,West Midlands,lab,lab,1.775003193644679e-05,0.9994001232188596,0.00029713003664675247,0.00014249835627854678,0.00014249835627854678
Birmingham Northfield,West Midlands,lab,lab,0.03490882105021565,0.93142724841957,0.018722236987013547,0.00747084677160037,0.00747084677160037
Birmingham Perry Barr,West Midlands,oth,lab,0.00022842571487235303,0.99656764057515,0.0019316039715754746,0.0006361648692010163,0.0006361648692010163
Birmingham Selly Oak,West Midlands,lab,lab,0.002372025225628153,0.9869596447882579,0.0063589484617652264,0.002154690762174296,0.002154690762174296
Birmingham Yardley,West Midlands,lab,lab,0.0011485452577939272,0.9888864226208584,0.006565119170741053,0.0016999564753034054,0.0016999564753034054
Bishop Auckland,North East,lab,lab,0.11459465456123703,0.8329978781329896,0.027836092514366112,0.01228568739570359,0.01228568739570359
Blackburn,North West,oth,lab,0.00037406309134763665,0.9964981006968349,0.0015695807873845476,0.0007791277122166022,0.0007791277122166022
Blackley and Middleton South,North West,lab,lab,0.001220929031364817,0.9923346568589579,0.0033281463645406448,0.001558133872568414,0.001558133872568414
Blackpool North and Fleetwood,North West,lab,lab,0.15854517393542844,0.7855906834322696,0.030279017273996088,0.012792562679153035,0.012792562679153035
Blackpool South,North West,lab,lab,0.05769826691382819,0.9024642461213952,0.021090412399356256,0.00937353728271018,0.00937353728271018
Blaydon and Consett,North East,lab,lab,0.010293706554692408,0.9592673638144315,0.016900172450279315,0.006769378590298346,0.006769378590298346
Blyth and Ashington,North East,lab,lab,0.006246484881735476,0.9700965694130366,0.01420329895304293,0.00472682337609249,0.00472682337609249
Bognor Regis and Littlehampton,South East,con,con,0.5436541724954955,0.27069985701340094,0.1390640118502183,0.023290979320442686,0.023290979320442686
Bolsover,East Midlands,lab,lab,0.07362980367121767,0.8685885353212488,0.030996041308528084,0.01339280984950272,0.01339280984950272
Bolton North East,North West,lab,lab,0.032238490316030245,0.9335706342350404,0.018831466143924,0.007679704652502647,0.007679704652502647
Bolton South and Walkden,North West,lab,lab,0.002203209187625517,0.989240379466506,0.004598893590517315,0.0019787588776754446,0.0019787588776754446
Bolton West,North West,lab,lab,0.17214291401528165,0.7659823006537131,0.03598602249021097,0.012944381420397107,0.012944381420397107
Bootle,North West,lab,lab,2.3690365258552403e-05,0.999104265784859,0.00046548525377368487,0.00020327929805450054,0.00020327929805450054
Boston and Skegness,East Midlands,oth,con,0.8833572400351218,0.07511993954836507,0.023333772060311824,0.009094524178100685,0.009094524178100685
Bournemouth East,South West,lab,lab,0.12220323010601157,0.7654911204546044,0.07898764050998582,0.016659004464699183,0.016659004464699183
Bournemouth West,South West,lab,lab,0.16947558036799557,0.7220994587053191,0.07413200975086479,0.017146475587910312,0.017146475587910312
Bracknell,South East,lab,lab,0.2825275072634506,0.5194032480731287,0.15089886260597482,0.023585191028722936,0.023585191028722936
Bradford East,Yorkshire and The Humber,lab,lab,0.00042843040793055185,0.9939017645292785,0.0035718174252470547,0.001048993818771978,0.001048993818771978
Bradford South,Yorkshire and The Humber,lab,lab,0.013224031928672985,0.9645943121165883,0.011845637266375846,0.00516800934418142,0.00516800934418142
Bradford West,Yorkshire and The Humber,lab,lab,5.959437333666166e-05,0.9987778879641367,0.0006014826341935651,0.0002805175141666279,0.0002805175141666279
Braintree,East of England,con,con,0.7009693704299644,0.18992153781486007,0.073745398763352,0.017681846495911705,0.017681846495911705
Brent East,London,lab,lab,0.00047021591424902713,0.9938515389234356,0.003752628072684434,0.0009628085448154454,0.0009628085448154454
Brent West,London,lab,lab,0.0037326288869477453,0.9800856020310974,0.010723997556122312,0.0027288857629163476,0.0027288857629163476
Brentford and Isleworth,London,lab,lab,0.0028376357003050178,0.9609100859530215,0.029064346511611938,0.0035939659175307846,0.0035939659175307846
Brentwood and Ongar,East of England,con,con,0.7463788407347611,0.11577525289539148,0.10403843647546962,0.016903734947188984,0.016903734947188984
Bridgwater,South West,con,con,0.3778695457769091,0.3440166836189067,0.22850299802629004,0.024805386288947098,0.024805386288947098
Bridlington and The Wolds,Yorkshire and The Humber,con,con,0.6674149808962874,0.23420608871324183,0.06155930532396991,0.018409812533250376,0.018409812533250376
Brigg and Immingham,Yorkshire and The Humber,con,con,0.7790437908715674,0.16508197926291954,0.030753880768894286,0.012560174548309285,0.012560174548309285
Brighton Kemptown and Peacehaven,South East,lab,lab,0.004898216945897417,0.9786977743386575,0.009680356236990626,0.003361826239227347,0.003361826239227347
Brighton Pavilion,South East,oth,lab,0.010241419229058482,0.627570956452032,0.28756998832059544,0.03730881799915701,0.03730881799915701
Bristol Central,South West,oth,lab,0.00031823248443578126,0.9838762784328002,0.012549253496662208,0.0016281177930510882,0.0016281177930510882
Bristol East,South West,lab,lab,0.0007932240587764038,0.9906545482614378,0.0052414221288295615,0.0016554027754779866,0.0016554027754779866
Bristol North East,South West,lab,lab,0.008520209981722444,0.9745389840548445,0.009626965796642942,0.0036569200833949543,0.0036569200833949543
Bristol North West,South West,lab,lab,0.007504159727914841,0.9692055673593518,0.014906769652028144,0.004191751630352495,0.004191751630352495
Bristol South,South West,lab,lab,0.003994086319288259,0.9800584208786788,0.009504788161695421,0.003221352320168594,0.003221352320168594
Broadland and Fakenham,East of England,con,con,0.4083344127774075,0.3580249275027345,0.18631801829616695,0.02366132071184552,0.02366132071184552
Bromley and Biggin Hill,London,con,lab,0.2560301228008317,0.5109779000208102,0.18550143472807104,0.02374527122514357,0.02374527122514357
Bromsgrove,West Midlands,con,con,0.5511342799203074,0.292010662702458,0.11509783356236429,0.02087861190743517,0.02087861190743517
Broxbourne,East of England,con,con,0.5338524300579667,0.35666054981585177,0.07230562769319032,0.018590696216495627,0.018590696216495627
Broxtowe,East Midlands,lab,lab,0.049644325685494615,0.9076974640368647,0.019366719811365878,0.0116457452331374,0.0116457452331374
Buckingham and Bletchley,South East,lab,lab,0.20150095131244533,0.5966981884394253,0.1588503261934541,0.02147526702733761,0.02147526702733761
Burnley,North West,lab,lab,0.02534410935585313,0.9231936029471725,0.032419867915659734,0.009521209890657427,0.009521209890657427
Burton and Uttoxeter,West Midlands,lab,lab,0.3176556657689573,0.6072573794773453,0.0434066126940004,0.015840171029848568,0.015840171029848568
Bury North,North West,lab,lab,0.03201935110579044,0.9427819050621078,0.013048716464719659,0.006075013683691109,0.006075013683691109
Bury South,North West,lab,lab,0.029969936464953023,0.9289650317849514,0.024398734666498886,0.008333148541798266,0.008333148541798266
Bury St Edmunds and Stowmarket,East of England,lab,con,0.5861719299977578,0.32625490025874726,0.040998733012722374,0.023287218365386338,0.023287218365386338
Calder Valley,Yorkshire and The Humber,lab,lab,0.059778498684069925,0.9053045247649516,0.019810462835662526,0.007553256857658077,0.007553256857658077
Camborne and Redruth,South West,lab,lab,0.14005971830632372,0.7767307980027518,0.053953577593726924,0.014627953048598766,0.014627953048598766
Cambridge,East of England,lab,lab,0.0008557138498050281,0.8410327405301027,0.1497175719024277,0.004196986858832423,0.004196986858832423
Cannock Chase,West Midlands,lab,con,0.5757867184802771,0.29461724748161505,0.10289675155195112,0.01334964124307849,0.01334964124307849
Canterbury,South East,lab,lab,0.01761553949389339,0.96187429756169,0.011954805242994143,0.00427767885071123,0.00427767885071123
Carlisle,North West,lab,lab,0.18248823207475012,0.7541449004367516,0.035848390506224924,0.013759238491136697,0.013759238491136697
Carshalton and Wallington,London,lib,lib,0.029996547693772264,0.0557554372200214,0.8957069635012009,0.009270525792502718,0.009270525792502718
Castle Point,East of England,con,con,0.8719228868094416,0.08307637151550212,0.027255986882633074,0.008872377396211521,0.008872377396211521
Central Devon,South West,con,lab,0.2820211057743377,0.4998867872768294,0.17004360819712497,0.024024249375853974,0.024024249375853974
Central Suffolk and North Ipswich,East of England,con,con,0.5082336148953983,0.34503137321088284,0.1021505418152703,0.02229223503922426,0.02229223503922426
Chatham and Aylesford,South East,lab,con,0.5737311098166527,0.33985051963175694,0.05252932517520392,0.016944522688193287,0.016944522688193287
Cheadle,North West,lib,lib,0.03989114066150432,0.05130301881346088,0.8915216949452371,0.008642072789898885,0.008642072789898885
Chelmsford,East of England,lib,lib,0.2448925678990771,0.23675724938834644,0.4741002170191618,0.022124982846707365,0.022124982846707365
Chelsea and Fulham,London,lab,lab,0.07936436168284548,0.575176677153769,0.30933899100581225,0.018059985078786728,0.018059985078786728
Cheltenham,South West,lib,lib,0.035395514850777555,0.01683971608330723,0.9358135188541021,0.005975625105906647,0.005975625105906647
Chesham and Amersham,South East,lib,lib,0.35295533488073466,0.18967876957192123,0.40322702084545026,0.027069437350946808,0.027069437350946808
Chester North and Neston,North West,lab,lab,0.00795677400441496,0.974052864572461,0.010699889919687029,0.003645235751718389,0.003645235751718389
Chester South and Eddisbury,North West,con,con,0.4175351295332114,0.35939182195503316,0.17509761090050244,0.0239877188056265,0.0239877188056265
Chesterfield,East Midlands,lab,lab,0.017959729364666128,0.9265838374796649,0.03639471623149057,0.00953085846208929,0.00953085846208929
Chichester,South East,lib,con,0.42829386297731736,0.20945813610921202,0.3106476983613943,0.025800151276038158,0.025800151276038158
Chingford and Woodford Green,London,con,lab,0.03363117678691225,0.9382048856436499,0.016518493954737676,0.0058227218073499095,0.0058227218073499095
Chippenham,South West,lib,lib,0.2457430945691065,0.10512553371620591,0.611583179284351,0.01877409621516829,0.01877409621516829
Chipping Barnet,London,lab,lab,0.049119904122877533,0.8943272574433319,0.03838721815336357,0.00908281014021365,0.00908281014021365
Christchurch,South West,con,con,0.6555876830307473,0.12582633912940133,0.17870535194088807,0.019940312949481554,0.019940312949481554
Cities of London and Westminster,London,lab,lab,0.042072011594572405,0.5001785065982477,0.42574476500407904,0.016002358401550443,0.016002358401550443
City of Durham,North East,lab,lab,0.009691002584480916,0.8991459087498226,0.07395911186220996,0.00860198840174327,0.00860198840174327
Clacton,East of England,oth,con,0.8235460721450396,0.1104654420955361,0.0392570170444098,0.01336573435750712,0.01336573435750712
Clapham and Brixton Hill,London,lab,lab,0.0007175372336525918,0.9697691921304907,0.025127605752662277,0.002192832441597164,0.002192832441597164
Colchester,East of England,lab,lab,0.16542418676164108,0.6666422464380245,0.1300478572604354,0.018942854769949426,0.018942854769949426
Colne Valley,Yorkshire and The Humber,lab,lab,0.09980170400513005,0.8339426986971353,0.040711076651622644,0.01277226032305592,0.01277226032305592
Congleton,North West,lab,con,0.4333928946649118,0.41973910117917446,0.10360160751049793,0.02163319832270792,0.02163319832270792
Corby and East Northamptonshire,East Midlands,lab,lab,0.11176481382966863,0.8360646335633857,0.03182889734198705,0.010170827632479368,0.010170827632479368
Coventry East,West Midlands,lab,lab,0.004752354664238529,0.9807587924090293,0.00834183057472894,0.003073511176001676,0.003073511176001676
Coventry North West,West Midlands,lab,lab,0.02413548625100524,0.9434129069503997,0.018909874532995884,0.006770866132799673,0.006770866132799673
Coventry South,West Midlands,lab,lab,0.02126371197663738,0.9456650085839294,0.020102219229838212,0.006484530104797438,0.006484530104797438
Cramlington and Killingworth,North East,lab,lab,0.01626792566777245,0.9535127100425883,0.01727829397939241,0.006470535155123488,0.006470535155123488
Crawley,South East,lab,lab,0.11824666100187226,0.8285226095473579,0.030727973906155417,0.011251377772307178,0.011251377772307178
Crewe and Nantwich,North West,lab,lab,0.07482149521636965,0.8789273547457679,0.026312930031613137,0.00996911000312459,0.00996911000312459
Croydon East,London,lab,lab,0.013126840878819157,0.964034702209438,0.013808960150401577,0.004514748380670528,0.004514748380670528
Croydon South,London,con,lab,0.2254493499482156,0.6053795141868361,0.12747912595092253,0.02084600495701286,0.02084600495701286
Croydon West,London,lab,lab,0.00028986744050132294,0.9959636628181769,0.0022980474082337195,0.0007242111665440716,0.0007242111665440716
Dagenham and Rainham,London,lab,lab,0.021678557092868363,0.9524738529266343,0.01336934408573974,0.0062391229473788765,0.0062391229473788765
Darlington,North East,lab,lab,0.06909616124242347,0.8842815537141747,0.02594344916862136,0.01033941793739013,0.01033941793739013
Dartford,South East,lab,lab,0.35341912414045695,0.5594439864550614,0.05350192768721594,0.01681748085863282,0.01681748085863282
Daventry,East Midlands,con,con,0.6183892895440777,0.21637108365464333,0.12325877278234794,0.020990427009465528,0.020990427009465528
Derby North,East Midlands,lab,lab,0.04160079339857527,0.9070019274497643,0.03197590501255855,0.009710687069551029,0.009710687069551029
Derby South,East Midlands,lab,lab,0.006326123432453524,0.9769600616490496,0.00993430499425816,0.0033897549621192953,0.0033897549621192953
Derbyshire Dales,East Midlands,lab,lab,0.38504039598453893,0.44149186296665527,0.12818535021607386,0.022641195416365924,0.022641195416365924
Dewsbury and Batley,Yorkshire and The Humber,oth,lab,0.0012702409088158814,0.9924973181988903,0.003140503276179486,0.001545968808057222,0.001545968808057222
Didcot and Wantage,South East,lib,lib,0.12586085970597646,0.16130726828143227,0.6755487478523821,0.01864156208010455,0.01864156208010455
Doncaster Central,Yorkshire and The Humber,lab,lab,0.018961691666370805,0.9351645955202841,0.02492750338237363,0.01047310471548569,0.01047310471548569
Doncaster East and the Isle of Axholme,Yorkshire and The Humber,lab,lab,0.19516716638288434,0.702984955288488,0.05621652127022225,0.022815678529202774,0.022815678529202774
Doncaster North,Yorkshire and The Humber,lab,lab,0.014912516921739184,0.9354728825618146,0.026364387306371494,0.011625106605037369,0.011625106605037369
Dorking and Horley,South East,lib,lib,0.144610011775217,0.08764972563100917,0.7305057896123732,0.018617236490700385,0.018617236490700385
Dover and Deal,South East,lab,lab,0.2147499236447035,0.7102455400733352,0.04375396411153476,0.015625286085213214,0.015625286085213214
Droitwich and Evesham,West Midlands,con,con,0.6633477746747244,0.19151607271180884,0.10518660374125804,0.019974774436104323,0.019974774436104323
Dudley,West Midlands,lab,lab,0.376241574672134,0.5608416259281452,0.033715786323227144,0.014600506538246814,0.014600506538246814
Dulwich and West Norwood,London,lab,lab,0.00022293971082793247,0.996386701670597,0.0015777245369995292,0.0009063170407877596,0.0009063170407877596
Dunstable and Leighton Buzzard,East of England,lab,lab,0.33930153400087304,0.5240870145750224,0.09553841849610982,0.02053651646399734,0.02053651646399734
Ealing Central and Acton,London,lab,lab,0.0017917934170247256,0.9656785001699479,0.026592902021491945,0.002968402195767684,0.002968402195767684
Ealing North,London,lab,lab,0.002291795848560902,0.9859020999936187,0.007753767352325366,0.002026168402747474,0.002026168402747474
Ealing Southall,London,lab,lab,0.00073641312321611,0.9902925722738274,0.0060817324793030515,0.001444641061826648,0.001444641061826648
Earley and Woodley,South East,lab,lab,0.12942218413264792,0.5315445649798646,0.29665051164735096,0.021191369620068352,0.021191369620068352
Easington,North East,lab,lab,0.0036261893920623975,0.9735271161129265,0.012442476266552902,0.00520210911422919,0.00520210911422919
East Grinstead and Uckfield,South East,con,con,0.39626638619687066,0.16647038297093475,0.388103900732162,0.024579665050016228,0.024579665050016228
East Ham,London,lab,lab,4.8017794853203945e-05,0.9989296196450773,0.0005421891793696767,0.00024008669034995147,0.00024008669034995147
East Hampshire,South East,con,con,0.4379125707422737,0.15349532588500076,0.3570959424123332,0.025748080480196195,0.025748080480196195
East Surrey,South East,con,con,0.48486161844319675,0.16239682279345413,0.30288776946209844,0.024926894650625458,0.024926894650625458
East Thanet,South East,lab,lab,0.10912247516623601,0.8388328931921083,0.029687354729642297,0.011178638456006765,0.011178638456006765
East Wiltshire,South West,con,con,0.6633907763778084,0.16628446376336536,0.13132638780635644,0.01949918602623488,0.01949918602623488
East Worthing and Shoreham,South East,lab,lab,0.09194666091703779,0.842752206482221,0.0412828908056346,0.012009120897553257,0.012009120897553257
Eastbourne,South East,lib,lib,0.041155095934858665,0.027806886157011382,0.9151060581790287,0.007965979864550709,0.007965979864550709
Eastleigh,South East,lib,lib,0.12738667942727172,0.08549542080007988,0.7565349957505247,0.015291452011061883,0.015291452011061883
Edmonton and Winchmore Hill,London,lab,lab,0.0017624878271375894,0.9896357885834658,0.005228470358086071,0.001686626615655228,0.001686626615655228
Ellesmere Port and Bromborough,North West,lab,lab,0.001053904243273962,0.990901793701298,0.0050201429372844445,0.0015120795590718643,0.0015120795590718643
Eltham and Chislehurst,London,lab,lab,0.047329013775161674,0.9025594336751757,0.031354052282961856,0.009378750133350535,0.009378750133350535
Ely and East Cambridgeshire,East of England,lib,lib,0.2091044103537714,0.14939346562915634,0.6007529048299987,0.02037460959353687,0.02037460959353687
Enfield North,London,lab,lab,0.004593349504371085,0.9817210780976667,0.008252708166688225,0.0027164321156369154,0.0027164321156369154
Epping Forest,East of England,con,con,0.5946705974200299,0.2702387886331593,0.09425608118598622,0.020417266380412205,0.020417266380412205
Epsom and Ewell,South East,lib,lib,0.25315075964551503,0.2399101156847885,0.45572452304639427,0.02560730081165119,0.02560730081165119
Erewash,East Midlands,lab,lab,0.1781816313786372,0.7592427591761622,0.03555247281757755,0.013511568313811655,0.013511568313811655
Erith and Thamesmead,London,lab,lab,0.0012995705753569415,0.9910800611172492,0.004296459428903271,0.0016619544392452372,0.0016619544392452372
Esher and Walton,South East,lib,lib,0.046347140907100355,0.019820875714197408,0.9197621618655203,0.007034910756591011,0.007034910756591011
Exeter,South West,lab,lab,0.0027237700273180006,0.9887999104368947,0.0037455606043427913,0.002365379465722195,0.002365379465722195
Exmouth and Exeter East,South West,con,con,0.42689647396363456,0.3133621875018193,0.13426538759148343,0.06273797547153129,0.06273797547153129
Fareham and Waterlooville,South East,con,con,0.5021074941385862,0.20069504452640105,0.24968110913322847,0.02375817610089205,0.02375817610089205
Farnham and Bordon,South East,con,lib,0.27068025246994193,0.05274014762959528,0.6459767779825242,0.0153014109589693,0.0153014109589693
Faversham and Mid Kent,South East,con,con,0.5472187045435521,0.28453065096870084,0.12338176137005125,0.022434441558847915,0.022434441558847915
Feltham and Heston,London,lab,lab,0.005313588245790652,0.978556469623225,0.009762207090595302,0.0031838675201946143,0.0031838675201946143
Filton and Bradley Stoke,South West,lab,lab,0.10014242894472554,0.8172806903746185,0.056362769977170844,0.013107055351742584,0.013107055351742584
Finchley and Golders Green,London,lab,lib,0.05827468403089104,0.3124180825274321,0.5979450586271613,0.015681087407257814,0.015681087407257814
Folkestone and Hythe,South East,lab,lab,0.2913352094681792,0.5675143088201194,0.0963315780593821,0.022409451826159627,0.022409451826159627
Forest of Dean,South West,lab,lab,0.3074453976415328,0.5272617153635932,0.13123936432665045,0.01702676133411167,0.01702676133411167
Frome and East Somerset,South West,lib,lib,0.16338612072187558,0.36730665609418645,0.4185732271819527,0.025366998000992635,0.025366998000992635
Fylde,North West,con,con,0.4662824716742089,0.4286226160458913,0.06540313705581627,0.019845887612041768,0.019845887612041768
Gainsborough,East Midlands,con,con,0.627744974371509,0.2574253121824488,0.07924479274240256,0.017792460351819847,0.017792460351819847
Gateshead Central and Whickham,North East,lab,lab,0.006265939140811964,0.9572469612610655,0.026584660899145383,0.004951219349488543,0.004951219349488543
Gedling,East Midlands,lab,lab,0.038700503746392834,0.9281479534568166,0.018341122652865777,0.007405210071962549,0.007405210071962549
Gillingham and Rainham,South East,lab,lab,0.3823718756458947,0.5332049477167603,0.048691338651571416,0.01786591899288679,0.01786591899288679
Glastonbury and Somerton,South West,lib,lib,0.262831180730167,0.08128207103323185,0.6200968275797588,0.017894960328421184,0.017894960328421184
Gloucester,South West,lab,lab,0.14480064429411102,0.7835892486469546,0.045111745326987855,0.013249180865973226,0.013249180865973226
Godalming and Ash,South East,con,lib,0.15168268108812738,0.06642072626555165,0.7506488951153456,0.01562384876548764,0.01562384876548764
Goole and Pocklington,Yorkshire and The Humber,con,con,0.6240727929938223,0.2675410608425919,0.0685495696889291,0.019918288237328344,0.019918288237328344
Gorton and Denton,North West,lab,lab,0.00021081344871484652,0.9964692390016358,0.0019456575769353228,0.0006871449863570738,0.0006871449863570738
Gosport,South East,con,con,0.6675790236493305,0.20472544868181378,0.0906374091551419,0.01852905925685692,0.01852905925685692
Grantham and Bourne,East Midlands,con,con,0.641963598133054,0.24541283600897343,0.07442373524017719,0.019099915308897666,0.019099915308897666
Gravesham,South East,lab,lab,0.38234703241697165,0.540509273426688,0.044468126303114995,0.016337783926612667,0.016337783926612667
Great Grimsby and Cleethorpes,Yorkshire and The Humber,lab,lab,0.20092138105584684,0.723049387205725,0.04287676342863949,0.01657623415489431,0.01657623415489431
Great Yarmouth,East of England,oth,con,0.5644354638742138,0.3628795963253123,0.03900891907848861,0.01683801036099263,0.01683801036099263
Greenwich and Woolwich,London,lab,lab,0.0010363784929051634,0.9788082437026789,0.01557113888696441,0.002292119458725858,0.002292119458725858
Guildford,South East,lib,lib,0.04719348594991028,0.045004557371309185,0.8854822263880825,0.011159865145348934,0.011159865145348934
Hackney North and Stoke Newington,London,lab,lab,9.109251870008706e-05,0.9970263870861799,0.0018201731095830425,0.0005311736427685502,0.0005311736427685502
Hackney South and Shoreditch,London,lab,lab,4.8800032814378046e-05,0.9978849631983422,0.0013248066416448369,0.000370715063599168,0.000370715063599168
Halesowen,West Midlands,lab,lab,0.2792456230090388,0.6592513017083037,0.03249650273476219,0.014503286273947652,0.014503286273947652
Halifax,Yorkshire and The Humber,lab,lab,0.017173684447330993,0.956773201415867,0.014623688587612035,0.0057147127745950065,0.0057147127745950065
Hamble Valley,South East,con,con,0.5192164114450811,0.1496429180892426,0.2869256679842504,0.022107501240712913,0.022107501240712913
Hammersmith and Chiswick,London,lab,lab,0.0033915349743142186,0.9677712522805387,0.021912293477851504,0.0034624596336477716,0.0034624596336477716
Hampstead and Highgate,London,lab,lab,0.0021030241946439028,0.909165583365799,0.07982930065018136,0.004451045894687872,0.004451045894687872
"Harborough, Oadby and Wigston",East Midlands,con,lab,0.25601029974197037,0.49241739126248285,0.20413686764160677,0.023717720676970068,0.023717720676970068
Harlow,East of England,lab,lab,0.4413537934238634,0.48647545225685856,0.04237964253843412,0.014895555890421951,0.014895555890421951
Harpenden and Berkhamsted,East of England,lib,lib,0.24428958547208973,0.14163526307993524,0.5577663008264164,0.02815442531077926,0.02815442531077926
Harrogate and Knaresborough,Yorkshire and The Humber,lib,lib,0.11420698259445428,0.0618672137719001,0.7968264894938609,0.01354965706989222,0.01354965706989222
Harrow East,London,con,lab,0.121990737858882,0.818454215928832,0.037300384477872164,0.011127330867207009,0.011127330867207009
Harrow West,London,lab,lab,0.004213657754757853,0.9801946083223442,0.010029911791763168,0.0027809110655673485,0.0027809110655673485
Hartlepool,North East,lab,lab,0.010406907475702953,0.9352031721141786,0.029610518344534677,0.01238970103279201,0.01238970103279201
Harwich and North Essex,East of England,con,lab,0.3522908919316892,0.5042568533322113,0.10011848589087605,0.021666884422611794,0.021666884422611794
Hastings and Rye,South East,lab,lab,0.04772216376889878,0.9120858097170851,0.025067306090053986,0.007562360211980946,0.007562360211980946
Havant,South East,con,con,0.6416076166905894,0.20947717088694823,0.10906475403306079,0.0199252291947008,0.0199252291947008
Hayes and Harlington,London,lab,lab,0.0032142801472556924,0.9872455218942412,0.005262973071769738,0.002138612443366503,0.002138612443366503
Hazel Grove,North West,lib,lib,0.05509375510695952,0.10994123638012683,0.81017962630098,0.01239269110596687,0.01239269110596687
Hemel Hempstead,East of England,lab,lab,0.2398318787862734,0.6139005895971255,0.10398450882793409,0.021141511394333564,0.021141511394333564
Hendon,London,lab,lab,0.05350839191933374,0.8970572966969173,0.032167830859941224,0.008633240261903976,0.008633240261903976
Henley and Thame,South East,lib,lib,0.18866143284330766,0.0742472903983861,0.7022156563944043,0.017437810181950883,0.017437810181950883
Hereford and South Herefordshire,West Midlands,con,con,0.5171919762012411,0.29725794658457244,0.13903557623389037,0.023257250490148113,0.023257250490148113
Herne Bay and Sandwich,South East,con,con,0.5346684643651038,0.3673861953069958,0.06120351201172095,0.018370914158089707,0.018370914158089707
Hertford and Stortford,East of England,lab,lab,0.3100582720156376,0.4727241803049124,0.16639634545080795,0.025410601114320933,0.025410601114320933
Hertsmere,East of England,con,con,0.5921798045528105,0.278663970381369,0.09055713924335565,0.019299542911232478,0.019299542911232478
Hexham,North East,lab,lab,0.18260197648069149,0.7137958008520271,0.0693670973742125,0.017117562646534384,0.017117562646534384
Heywood and Middleton North,North West,lab,lab,0.021541985591141573,0.9462082526857588,0.017618882226182443,0.007315439748458629,0.007315439748458629
High Peak,East Midlands,lab,lab,0.028111360083990757,0.94342672998889,0.016157763071973436,0.006152073427572884,0.006152073427572884
Hinckley and Bosworth,East Midlands,con,con,0.6117234850137021,0.14788802426005776,0.19946822893511584,0.02046013089556216,0.02046013089556216
Hitchin,East of England,lab,lab,0.1071176700219352,0.4990023404759135,0.35212462516323917,0.020877682169456156,0.020877682169456156
Holborn and St Pancras,London,lab,lab,0.0001609246785914631,0.9942435310714791,0.004082357553804891,0.000756593348062254,0.000756593348062254
Honiton and Sidmouth,South West,lib,con,0.5942883991112522,0.21976743156648593,0.12510902205003002,0.030417573636115944,0.030417573636115944
Hornchurch and Upminster,London,con,con,0.591248901030585,0.31329709232414005,0.058890759437293966,0.018281623603990396,0.018281623603990396
Hornsey and Friern Barnet,London,lab,lab,0.0002722435793360429,0.9592652577106872,0.03687093644549577,0.001795781132240543,0.001795781132240543
Horsham,South East,lib,lib,0.2979461807444958,0.20134563425537946,0.45236192584354823,0.024173129578288217,0.024173129578288217
Houghton and Sunderland South,North East,lab,lab,0.011926291659855863,0.9418426121587253,0.027219923801253775,0.009505586190082592,0.009505586190082592
Hove and Portslade,South East,lab,lab,0.0012881968520232461,0.9902593588500302,0.00511396924556756,0.0016692375261895425,0.0016692375261895425
Huddersfield,Yorkshire and The Humber,lab,lab,0.005794500919689064,0.9791263422357062,0.008517879306429775,0.0032806387690875924,0.0032806387690875924
Huntingdon,East of England,con,con,0.43737352157756265,0.3505912119729141,0.16171499279697615,0.025160136826273584,0.025160136826273584
Hyndburn,North West,lab,lab,0.04913788152481377,0.9168956686879093,0.017441163083123983,0.008262643352076528,0.008262643352076528
Ilford North,London,lab,lab,0.004596425883304113,0.9844575271716223,0.005915484480935785,0.0025152812320689603,0.0025152812320689603
Ilford South,London,lab,lab,0.000326314666966042,0.9961415928381914,0.0018527343679310435,0.0008396790634558587,0.0008396790634558587
Ipswich,East of England,lab,lab,0.07124942585808541,0.883010504591652,0.025790217223470885,0.009974926163395851,0.009974926163395851
Isle of Wight East,South East,con,lab,0.33317012114935673,0.444044316718257,0.17688743954430786,0.022949061294039164,0.022949061294039164
Isle of Wight West,South East,lab,lab,0.27568248106215987,0.489019178507796,0.1868223441829803,0.02423799812353189,0.02423799812353189
Islington North,London,oth,lab,0.00011818034160822104,0.9911328417555757,0.006917327870395342,0.0009158250162103489,0.0009158250162103489
Islington South and Finsbury,London,lab,lab,0.0004458178722235102,0.9746423346324666,0.021174479154518307,0.001868684170395705,0.001868684170395705
Jarrow and Gateshead East,North East,lab,lab,0.0020451551966199103,0.9772662310246333,0.012479332663498925,0.004104640557623928,0.004104640557623928
Keighley and Ilkley,Yorkshire and The Humber,con,lab,0.037953356884136105,0.9316342400903983,0.01712703427761909,0.006642684373923353,0.006642684373923353
Kenilworth and Southam,West Midlands,con,con,0.4328919203062176,0.29716443125552466,0.21884208612838874,0.02555078115493447,0.02555078115493447
Kensington and Bayswater,London,lab,lab,0.020994560282260266,0.8435926247870256,0.11587920144373791,0.00976680674348818,0.00976680674348818
Kettering,East Midlands,lab,lab,0.3855678225879243,0.5130166740365811,0.061517846718598695,0.019948828328447896,0.019948828328447896
Kingston and Surbiton,London,lib,lib,0.004054541374132905,0.01541826608365956,0.9741535026679384,0.0031868449371345265,0.0031868449371345265
Kingston upon Hull East,Yorkshire and The Humber,lab,lab,0.012160577456462662,0.9488911569152549,0.022002188930705373,0.008473038348788623,0.008473038348788623
Kingston upon Hull North and Cottingham,Yorkshire and The Humber,lab,lab,0.0069171740652016304,0.9667985510983381,0.015820954978687633,0.00523165992888618,0.00523165992888618
Kingston upon Hull West and Haltemprice,Yorkshire and The Humber,lab,lab,0.05406844366768874,0.8468472663851216,0.06590967413590548,0.01658730790564218,0.01658730790564218
Kingswinford and South Staffordshire,West Midlands,con,con,0.8484549252700933,0.1009968669892627,0.028996179272297414,0.010776014234173233,0.010776014234173233
Knowsley,North West,lab,lab,2.230022961351702e-05,0.9991726954531535,0.000405683097439157,0.000199660609897062,0.000199660609897062
Lancaster and Wyre,North West,lab,lab,0.045238102295215535,0.9198919696910659,0.018817282218744468,0.008026322897487136,0.008026322897487136
Leeds Central and Headingley,Yorkshire and The Humber,lab,lab,0.0002795469966573602,0.992870240186826,0.004846739915659988,0.0010017364504283414,0.0010017364504283414
Leeds East,Yorkshire and The Humber,lab,lab,0.013967067889059253,0.9644347717886388,0.01150340670411057,0.005047376809095622,0.005047376809095622
Leeds North East,Yorkshire and The Humber,lab,lab,0.0008941999660937665,0.9867234255873959,0.008769084040352171,0.0018066452030790587,0.0018066452030790587
Leeds North West,Yorkshire and The Humber,lab,lab,0.0333010460303498,0.8699341723710817,0.07504559187175935,0.010859594863404595,0.010859594863404595
Leeds South,Yorkshire and The Humber,lab,lab,0.0010685531970973724,0.9915515289143796,0.004074590386125508,0.0016526637511987874,0.0016526637511987874
Leeds South West and Morley,Yorkshire and The Humber,lab,lab,0.11425152390640125,0.8363783680558267,0.025199089166741732,0.012085509435515169,0.012085509435515169
Leeds West and Pudsey,Yorkshire and The Humber,lab,lab,0.013937247598859254,0.9673145970519245,0.009978020173254092,0.004385067587981113,0.004385067587981113
Leicester East,East Midlands,con,lab,0.007520819497824093,0.9760398776512283,0.009555115537457746,0.003442093656744899,0.003442093656744899
Leicester South,East Midlands,oth,lab,0.0002584182132279911,0.9969689350983816,0.0015225595554598558,0.0006250435664653034,0.0006250435664653034
Leicester West,East Midlands,lab,lab,0.007332426574917493,0.9721329201133967,0.01247286917986115,0.004030892065912408,0.004030892065912408
Leigh and Atherton,North West,lab,lab,0.026858246119326808,0.9407363577161818,0.018005628500590166,0.007199883831950786,0.007199883831950786
Lewes,South East,lib,lib,0.055301209725668536,0.03273401593898592,0.8934442125241121,0.00926028090561686,0.00926028090561686
Lewisham East,London,lab,lab,0.00037237011753599213,0.9927593182900732,0.004703695761402795,0.0010823079154939678,0.0010823079154939678
Lewisham North,London,lab,lab,8.706718591238425e-05,0.9961617953623242,0.002648127973210074,0.0005515047392766077,0.0005515047392766077
Lewisham West and East Dulwich,London,lab,lab,0.00015364896554017731,0.9950210702127885,0.0032804012546592113,0.0007724397835059296,0.0007724397835059296
Leyton and Wanstead,London,lab,lab,0.00035203142961777586,0.9928080252868129,0.004764227684034271,0.0010378577997674052,0.0010378577997674052
Lichfield,West Midlands,lab,con,0.5768790730855067,0.2901908476467253,0.09224216319424236,0.020343958036762894,0.020343958036762894
Lincoln,East Midlands,lab,lab,0.0487725314902239,0.9117391333034767,0.02213342361367435,0.008677455796312579,0.008677455796312579
Liverpool Garston,North West,lab,lab,7.659871122516989e-05,0.9967239080714311,0.0021754707644356195,0.0005120112264538837,0.0005120112264538837
Liverpool Riverside,North West,lab,lab,1.1703100393990445e-05,0.9995296463546894,0.00022766301227925435,0.00011549376631858792,0.00011549376631858792
Liverpool Walton,North West,lab,lab,1.9049271593225723e-05,0.999375187606753,0.0003017190709852768,0.000152022025334335,0.000152022025334335
Liverpool Wavertree,North West,lab,lab,5.391585960740904e-05,0.9974914556929652,0.0015656269622596577,0.0004445007425840487,0.0004445007425840487
Liverpool West Derby,North West,lab,lab,2.6142471795784557e-05,0.9990065355030031,0.0004926278078537443,0.00023734710867372524,0.00023734710867372524
Loughborough,East Midlands,lab,lab,0.07558373124128473,0.8687034396848536,0.035037432026205476,0.010337698523827939,0.010337698523827939
Louth and Horncastle,East Midlands,con,con,0.8062668515454873,0.12649763407927897,0.042534970831975744,0.012350271771629092,0.012350271771629092
Lowestoft,East of England,lab,lab,0.37807580934268875,0.5366877022905013,0.048522431247931,0.01835702855943943,0.01835702855943943
Luton North,East of England,lab,lab,0.0037058731162305783,0.9846194545011104,0.006498458542949082,0.002588106919855002,0.002588106919855002
Luton South and South Bedfordshire,East of England,lab,lab,0.0068045546602050365,0.9773636825709119,0.007184646629245606,0.004323558069818661,0.004323558069818661
Macclesfield,North West,lab,lab,0.1457970964076256,0.7469927954980551,0.07442967174636629,0.016390218173976567,0.016390218173976567
Maidenhead,South East,lib,lib,0.3497254819897722,0.18917099577634358,0.4128108184092483,0.02414635191231789,0.02414635191231789
Maidstone and Malling,South East,con,con,0.4088535427133647,0.2798754664817978,0.26020573778900125,0.02553262650791807,0.02553262650791807
Makerfield,North West,lab,lab,0.0085957185638561,0.9641667664697849,0.015269269658028103,0.005984122654165451,0.005984122654165451
Maldon,East of England,con,con,0.8280873588215066,0.08004587362724422,0.06592595157202767,0.012970407989610723,0.012970407989610723
Manchester Central,North West,lab,lab,0.00031408353598664027,0.9956429862104844,0.002391052968157933,0.0008259386426855865,0.0008259386426855865
Manchester Rusholme,North West,lab,lab,2.560787056956416e-05,0.9990089178690391,0.0005227930354409436,0.0002213406124751349,0.0002213406124751349
Manchester Withington,North West,lab,lab,0.00010613355961100662,0.9928167491432929,0.005599080456062782,0.0007390184205165548,0.0007390184205165548
Mansfield,East Midlands,lab,lab,0.4183998456264067,0.5210380542212183,0.031701264048699905,0.014430418051837602,0.014430418051837602
Melksham and Devizes,South West,lib,lib,0.3207068642742877,0.12304963942682134,0.513672972223875,0.021285262037508038,0.021285262037508038
Melton and Syston,East Midlands,con,con,0.523573669593364,0.36743090285957,0.06876016754456397,0.020117630001251,0.020117630001251
Meriden and Solihull East,West Midlands,con,con,0.518911727253254,0.30442578266925635,0.13322005342178744,0.02172121832785112,0.02172121832785112
Mid Bedfordshire,East of England,con,con,0.48301195194767593,0.33241637829238063,0.13549977912333516,0.02453594531830423,0.02453594531830423
Mid Buckinghamshire,South East,con,con,0.5043984196473789,0.18642414124475246,0.2627449481143187,0.02321624549677503,0.02321624549677503
Mid Cheshire,North West,lab,lab,0.04149389168228182,0.9124300856480896,0.02978627865569556,0.008144872006966498,0.008144872006966498
Mid Derbyshire,East Midlands,lab,lab,0.3600261483546742,0.5171742193925021,0.08276895692962052,0.02001533766160161,0.02001533766160161
Mid Dorset and North Poole,South West,lib,lib,0.3381954463953514,0.06454209252029014,0.5614015830730941,0.01793043900563226,0.01793043900563226
Mid Leicestershire,East Midlands,con,con,0.45447530874388226,0.4386442508276594,0.06815070872660023,0.019364865850929107,0.019364865850929107
Mid Norfolk,East of England,con,con,0.5521921609064374,0.3252697829306248,0.08477878333184072,0.01887963641554859,0.01887963641554859
Mid Sussex,South East,lib,lib,0.19357965034633673,0.25968217865499144,0.49747538059006946,0.02463139520430126,0.02463139520430126
Middlesbrough and Thornaby East,North East,lab,lab,0.0013630906504223594,0.9882235077131065,0.00528081916287783,0.002566291236796518,0.002566291236796518
Middlesbrough South and East Cleveland,North East,lab,lab,0.19657336932128405,0.746797286694736,0.030711921572220177,0.012958711205879896,0.012958711205879896
Milton Keynes Central,South East,lab,lab,0.05949401724968232,0.8692059494484596,0.04930754977237969,0.01099624176473925,0.01099624176473925
Milton Keynes North,South East,lab,lab,0.08532942185544136,0.8612657014457092,0.03244713108058296,0.010478872809133183,0.010478872809133183
Mitcham and Morden,London,lab,lab,0.001217470781861604,0.9867237515178742,0.00844256682763926,0.0018081054363125978,0.0018081054363125978
Morecambe and Lunesdale,North West,lab,lab,0.20470644604065388,0.5984947292648385,0.15551073957229455,0.020644042561106628,0.020644042561106628
New Forest East,South East,con,con,0.6425363837425795,0.16660728888532755,0.14735176025775545,0.021752283557168864,0.021752283557168864
New Forest West,South East,con,con,0.635931001408413,0.1491256598369392,0.16881774157496962,0.023062798589839055,0.023062798589839055
Newark,East Midlands,con,con,0.5040963838126243,0.37528187997731843,0.08116749824853417,0.01972711898076155,0.01972711898076155
Newbury,South East,lib,lib,0.1966417531564453,0.06448517402939606,0.7046410843713712,0.017115994221393743,0.017115994221393743
Newcastle upon Tyne Central and West,North East,lab,lab,0.0010101325154901176,0.9927085949682773,0.0032378274907537102,0.001521722512739454,0.001521722512739454
Newcastle upon Tyne East and Wallsend,North East,lab,lab,0.0007519559138730841,0.9907012781328629,0.005513672021217446,0.0015165469660232194,0.0015165469660232194
Newcastle upon Tyne North,North East,lab,lab,0.007117853665314071,0.9392136329930619,0.040933542629486154,0.006367485356068879,0.006367485356068879
Newcastle-under-Lyme,West Midlands,lab,lab,0.12410509366787457,0.8110673305125644,0.03769137347153567,0.013568101174012645,0.013568101174012645
Newton Abbot,South West,lib,lib,0.3094979008010347,0.2633746769594249,0.37575285291977645,0.025687284659882046,0.025687284659882046
Newton Aycliffe and Spennymoor,North East,lab,lab,0.05247125886400964,0.8949435158592377,0.03026308887981684,0.011161068198467851,0.011161068198467851
Normanton and Hemsworth,Yorkshire and The Humber,lab,lab,0.011192239771182035,0.9430819634381651,0.024994844965607044,0.010365475912522846,0.010365475912522846
North Bedfordshire,East of England,con,con,0.5170940856405133,0.2888263024424945,0.1449543047987533,0.024562653559119414,0.024562653559119414
North Cornwall,South West,lib,lib,0.31090185620627697,0.08284168473230649,0.569924045891778,0.018166206584819225,0.018166206584819225
North Cotswolds,South West,con,con,0.4598669526605425,0.23776988835868385,0.2500703119083898,0.026146423536191978,0.026146423536191978
North Devon,South West,lib,lib,0.26069483007987027,0.08469188479022204,0.61576999032654,0.01942164740168386,0.01942164740168386
North Dorset,South West,con,con,0.5792206986777445,0.12172449010239576,0.25669599573607277,0.021179407741893592,0.021179407741893592
North Durham,North East,lab,lab,0.010116422407263105,0.9552539490024768,0.020742810318105143,0.006943409136077482,0.006943409136077482
North East Cambridgeshire,East of England,con,con,0.8452695817377406,0.09749408837833436,0.034758902274813666,0.011238713804555716,0.011238713804555716
North East Derbyshire,East Midlands,lab,lab,0.24595077545197422,0.678453234557347,0.044876761421632085,0.015359614284523405,0.015359614284523405
North East Hampshire,South East,lib,con,0.5123403962385125,0.10924668896564997,0.33338119072705014,0.02251586203439371,0.02251586203439371
North East Hertfordshire,East of England,lab,lab,0.3220065433362185,0.4500155340531631,0.17963238875893395,0.024172766925842148,0.024172766925842148
North East Somerset and Hanham,South West,lab,lab,0.25142184061345024,0.5423980841021857,0.16084911955756284,0.022665477863400642,0.022665477863400642
North Herefordshire,West Midlands,oth,con,0.6001568104249028,0.19890320668112121,0.1511984153847331,0.024870783754621404,0.024870783754621404
North Norfolk,East of England,lib,lib,0.29408294003398866,0.068830257158386,0.600586782510604,0.018250010148510604,0.018250010148510604
North Northumberland,North East,lab,lab,0.3127328306941045,0.4397576967436475,0.1974980600244936,0.025005706268877062,0.025005706268877062
North Shropshire,West Midlands,lib,con,0.4934207606647306,0.36268058507711237,0.09956310772487233,0.022167773266642304,0.022167773266642304
North Somerset,South West,lab,lab,0.23671254008424256,0.5144062536151034,0.20052307062308447,0.024179067838784762,0.024179067838784762
North Warwickshire and Bedworth,West Midlands,lab,con,0.5314089343040888,0.39821711912516833,0.038963007003219995,0.01570546978376147,0.01570546978376147
North West Cambridgeshire,East of England,lab,lab,0.42346967533647756,0.4238473821537555,0.10743474266971473,0.022624099920026012,0.022624099920026012
North West Essex,East of England,con,con,0.5240434919382625,0.1626796479199836,0.26621088419564404,0.02353298797305496,0.02353298797305496
North West Hampshire,South East,con,con,0.46875488607393845,0.2336538944492264,0.24807085537292028,0.024760182051957545,0.024760182051957545
North West Leicestershire,East Midlands,lab,con,0.4588337155655195,0.4391740505468079,0.062273067603785336,0.01985958314194363,0.01985958314194363
North West Norfolk,East of England,con,con,0.6074018271293788,0.29644040306035424,0.06081850932773679,0.017669630241265062,0.017669630241265062
Northampton North,East Midlands,lab,lab,0.05251867219593579,0.9102428238116183,0.02169734773521634,0.007770578128614776,0.007770578128614776
Northampton South,East Midlands,lab,lab,0.2553274988979057,0.6512839137520596,0.059377825120205736,0.017005381114914512,0.017005381114914512
Norwich North,East of England,lab,lab,0.08194892721342391,0.8678602942554539,0.029900838575643757,0.01014496997773931,0.01014496997773931
Norwich South,East of England,lab,lab,0.0022579166560287365,0.9815583782456804,0.01085064001898167,0.002666532539654585,0.002666532539654585
Nottingham East,East Midlands,lab,lab,0.0003876663018251751,0.9944641802280708,0.0030760772201213968,0.0010360381249913384,0.0010360381249913384
Nottingham North and Kimberley,East Midlands,lab,lab,0.014410023933722475,0.9617469852234682,0.012755172588812041,0.005543909126998589,0.005543909126998589
Nottingham South,East Midlands,lab,lab,0.0028410714323948887,0.9839148728544942,0.008045486553486213,0.0025992845798123937,0.0025992845798123937
Nuneaton,West Midlands,lab,lab,0.3066486764114205,0.6259998001226823,0.036646127732532244,0.015352697866682485,0.015352697866682485
Old Bexley and Sidcup,London,con,con,0.5306327692148884,0.3621451993626755,0.0690924049086322,0.019064813256901885,0.019064813256901885
Oldham East and Saddleworth,North West,lab,lab,0.018326133645767802,0.9488925286297183,0.01874838416535757,0.007016476779578223,0.007016476779578223
"Oldham West, Chadderton and Royton",North West,lab,lab,0.0021590345138698046,0.9883926852380877,0.004957346159710677,0.00224546704416593,0.00224546704416593
Orpington,London,con,con,0.5151997747463167,0.28531877774681513,0.1541612217414296,0.022660112882719238,0.022660112882719238
Ossett and Denby Dale,Yorkshire and The Humber,lab,lab,0.18784928155378589,0.7272999536761234,0.047880141648477925,0.018485311560806343,0.018485311560806343
Oxford East,South East,lab,lab,0.0007928110643885009,0.982420079147376,0.012800149770524415,0.0019934800088555597,0.0019934800088555597
Oxford West and Abingdon,South East,lib,lib,0.004676812837333604,0.018829931338934687,0.969851504778018,0.003320875522856933,0.003320875522856933
Peckham,London,lab,lab,6.867651171712308e-05,0.9968274655866081,0.002143762530478168,0.00048004768559833477,0.00048004768559833477
Pendle and Clitheroe,North West,lab,lab,0.20703309022609312,0.7137056858608911,0.04932036349027869,0.014970430211368601,0.014970430211368601
Penistone and Stocksbridge,Yorkshire and The Humber,lab,lab,0.09197108219059055,0.8025160378404567,0.07247141840795525,0.016520730780498722,0.016520730780498722
Penrith and Solway,North West,lab,lab,0.21397089863517518,0.6793747936344006,0.06841285802210251,0.019120724854160887,0.019120724854160887
Peterborough,East of England,lab,lab,0.040359290231430006,0.9216191284462868,0.021423271212773893,0.008299155054754544,0.008299155054754544
Plymouth Moor View,South West,lab,lab,0.2753105780909871,0.655868145683475,0.039019326588370026,0.014900974818583912,0.014900974818583912
Plymouth Sutton and Devonport,South West,lab,lab,0.00917062292436225,0.9706696078148584,0.011359441249464126,0.004400164005657554,0.004400164005657554
"Pontefract, Castleford and Knottingley",Yorkshire and The Humber,lab,lab,0.01894874057282165,0.921664620129507,0.036166040848528175,0.011610299224571572,0.011610299224571572
Poole,South West,lab,con,0.419022088480293,0.34624353010103925,0.184448104468613,0.0251431384750274,0.0251431384750274
Poplar and Limehouse,London,lab,lab,0.00036969717042024074,0.9868154776710435,0.010102571999710555,0.0013561265794127724,0.0013561265794127724
Portsmouth North,South East,lab,lab,0.4080312786559494,0.4909977625536489,0.06307663946441179,0.018947159662994987,0.018947159662994987
Portsmouth South,South East,lab,lab,0.008297827012107363,0.9620698053663747,0.02111129987872028,0.004260533871398971,0.004260533871398971
Preston,North West,lab,lab,0.0016915919234061047,0.988886525170611,0.005732097752998095,0.001844892576492256,0.001844892576492256
Putney,London,lab,lab,0.01112794875766358,0.9224361743534806,0.0538588029246467,0.006288536982104652,0.006288536982104652
Queen's Park and Maida Vale,London,lab,lab,0.00039153214075585754,0.9899044918012474,0.0073799882108891175,0.0011619939235539346,0.0011619939235539346
Rawmarsh and Conisbrough,Yorkshire and The Humber,lab,lab,0.018414400723390355,0.939569641789039,0.022421773503904632,0.009797091991832972,0.009797091991832972
Rayleigh and Wickford,East of England,con,con,0.8326269492847621,0.1015426734180716,0.04151391256206782,0.012158232367549229,0.012158232367549229
Reading Central,South East,lab,lab,0.005180656749329747,0.980238951346971,0.008739278593508931,0.0029205566550953447,0.0029205566550953447
Reading West and Mid Berkshire,South East,lab,lab,0.32918623075732084,0.41554452873138004,0.20695691949119815,0.0241561605100506,0.0241561605100506
Redcar,North East,lab,lab,0.0693666915172187,0.8720745723560771,0.032863367074608366,0.012847684526047839,0.012847684526047839
Redditch,West Midlands,lab,con,0.5152737624046166,0.39881939605075933,0.051526418079603904,0.017190211732509997,0.017190211732509997
Reigate,South East,con,con,0.3497737652491032,0.26753497260823433,0.32613864166350215,0.028276310239580143,0.028276310239580143
Ribble Valley,North West,lab,lab,0.3586150942503889,0.5343829348800192,0.06822026517932193,0.01939085284513503,0.01939085284513503
Richmond and Northallerton,Yorkshire and The Humber,con,con,0.6135341529782578,0.21095192580007052,0.12875491368127517,0.02337950377019821,0.02337950377019821
Richmond Park,London,lib,lib,0.007793100357374383,0.008538954604824069,0.977878847273923,0.002894548881939285,0.002894548881939285
Rochdale,North West,lab,lab,0.003799100144445203,0.9775708505610808,0.011675413800787111,0.003477317746843383,0.003477317746843383
Rochester and Strood,South East,lab,lab,0.32051127352548825,0.5758035748074548,0.06392968210391897,0.01987773478156896,0.01987773478156896
Romford,London,con,con,0.5078715766351853,0.41136658437575613,0.047210891843748035,0.016775473572655263,0.016775473572655263
Romsey and Southampton North,South East,con,lib,0.30689746129800294,0.11858283851414261,0.5340242239651943,0.020247738111330075,0.020247738111330075
Rossendale and Darwen,North West,lab,lab,0.1525560600815402,0.7959683881030671,0.02807547943010837,0.011700036192642147,0.011700036192642147
Rother Valley,Yorkshire and The Humber,lab,lab,0.08556273870316944,0.8311396480103741,0.04677415769965529,0.018261727793400632,0.018261727793400632
Rotherham,Yorkshire and The Humber,lab,lab,0.01180515789024021,0.9423317429708605,0.027337740597283774,0.00926267927080786,0.00926267927080786
Rugby,West Midlands,lab,lab,0.24307236085552442,0.6619949426059515,0.061152282761736974,0.016890206888393565,0.016890206888393565
"Ruislip, Northwood and Pinner",London,con,lab,0.2780432224037268,0.5049918618043904,0.16978064656093675,0.02359213461547304,0.02359213461547304
Runcorn and Helsby,North West,lab,lab,0.00786202647430452,0.9705512707235195,0.01310688999845053,0.0042399064018627175,0.0042399064018627175
Runnymede and Weybridge,South East,con,lib,0.25686553071609186,0.2769784089740976,0.4122724152155618,0.026941822547124298,0.026941822547124298
Rushcliffe,East Midlands,lab,lab,0.07288101619183322,0.7923743404555704,0.10724417112687125,0.013750236112862553,0.013750236112862553
Rutland and Stamford,East Midlands,con,con,0.6029879601089628,0.1737275497291967,0.17725511836553987,0.02301468589815031,0.02301468589815031
Salford,North West,lab,lab,0.0008728085499803115,0.9901422181949662,0.005336904819860385,0.0018240342175965096,0.0018240342175965096
Salisbury,South West,con,con,0.3230527210150315,0.3140241107815346,0.3076107683051218,0.027656199949156055,0.027656199949156055
Scarborough and Whitby,Yorkshire and The Humber,lab,lab,0.16249085911500463,0.770836111343044,0.039527816143716,0.013572606699117716,0.013572606699117716
Scunthorpe,Yorkshire and The Humber,lab,lab,0.1755443814205178,0.7696684460342955,0.027792479935205075,0.013497346304990818,0.013497346304990818
Sefton Central,North West,lab,lab,0.004229377082574383,0.9809083758132568,0.008999433060407451,0.002931407021880557,0.002931407021880557
Selby,Yorkshire and The Humber,lab,lab,0.28042638166773975,0.6302072115924651,0.05274317753809518,0.018311614600850016,0.018311614600850016
Sevenoaks,South East,con,con,0.5308373891713689,0.16009733520352848,0.2615070520722528,0.02377911177642496,0.02377911177642496
Sheffield Brightside and Hillsborough,Yorkshire and The Humber,lab,lab,0.0011693894204740482,0.990239255128818,0.004625307065966066,0.001983024192370897,0.001983024192370897
Sheffield Central,Yorkshire and The Humber,lab,lab,0.0001136184045813558,0.9965537354374129,0.001921423154933464,0.0007056115015362246,0.0007056115015362246
Sheffield Hallam,Yorkshire and The Humber,lab,lab,0.005875649076238771,0.5556943823084496,0.41911357558601975,0.00965819651464598,0.00965819651464598
Sheffield Heeley,Yorkshire and The Humber,lab,lab,0.0018151202571100393,0.9850184371459891,0.007998179350049135,0.0025841316234257714,0.0025841316234257714
Sheffield South East,Yorkshire and The Humber,lab,lab,0.008509926564170064,0.9680759541406165,0.013053066080155062,0.00518052660752923,0.00518052660752923
Sherwood Forest,East Midlands,lab,lab,0.3475087400411631,0.5707239552770307,0.047660350581967756,0.01705347704991926,0.01705347704991926
Shipley,Yorkshire and The Humber,lab,lab,0.07447217016401055,0.8772922163179382,0.02835616459035304,0.00993972446384898,0.00993972446384898
Shrewsbury,West Midlands,lab,lab,0.08825740597098639,0.8212013660898845,0.06335470438912204,0.013593261775003635,0.013593261775003635
Sittingbourne and Sheppey,South East,lab,con,0.6542461146528695,0.25542878397477564,0.05403828162695818,0.018143409872698243,0.018143409872698243
Skipton and Ripon,Yorkshire and The Humber,con,con,0.44251287508140486,0.3137444485053771,0.19094940008091135,0.026396638166153338,0.026396638166153338
Sleaford and North Hykeham,East Midlands,con,con,0.6815991551629942,0.21227968457180252,0.06814381836208368,0.01898867095155978,0.01898867095155978
Slough,South East,lab,lab,0.0014139187258588432,0.990454296944298,0.004955978617542652,0.0015879028561501508,0.0015879028561501508
Smethwick,West Midlands,lab,lab,0.0018158422633101996,0.9896484242389615,0.0047231829618641745,0.0019062752679322652,0.0019062752679322652
Solihull West and Shirley,West Midlands,con,con,0.4857347854696768,0.2880562870155034,0.17894843249034448,0.02363024751223762,0.02363024751223762
South Basildon and East Thurrock,East of England,oth,con,0.5870221614203367,0.33350368302289357,0.04321120577120062,0.018131474892784636,0.018131474892784636
South Cambridgeshire,East of England,lib,lib,0.03312347593971722,0.07242291898836592,0.8761540096037317,0.009149797734092502,0.009149797734092502
South Cotswolds,South West,lib,lib,0.3214590410854046,0.10676737177957042,0.529575026330727,0.021099280402149024,0.021099280402149024
South Derbyshire,East Midlands,lab,lab,0.4225076779062965,0.4811736170660761,0.05993086697606115,0.018193919025783007,0.018193919025783007
South Devon,South West,lib,lib,0.20530630579691816,0.19895223576197238,0.5541584464299213,0.020791506005594162,0.020791506005594162
South Dorset,South West,lab,lab,0.3879463900139463,0.46447609641606147,0.10284050281321248,0.022368505378389966,0.022368505378389966
South East Cornwall,South West,lab,con,0.4218012437929765,0.3288999998843541,0.19980704552232129,0.02474585540017392,0.02474585540017392
South Holland and The Deepings,East Midlands,con,con,0.8885672098825501,0.06288470214437762,0.029304916500511737,0.00962158573628022,0.00962158573628022
South Leicestershire,East Midlands,con,con,0.6564502177503759,0.23239130192814408,0.0748106962492418,0.018173892036119004,0.018173892036119004
South Norfolk,East of England,lab,lab,0.31581113509415837,0.4306980640616257,0.20577856692448127,0.023856116959867345,0.023856116959867345
South Northamptonshire,East Midlands,con,con,0.554734957960634,0.29907138253908594,0.10322077058038621,0.02148644445994688,0.02148644445994688
South Ribble,North West,lab,lab,0.12211393131289341,0.8104369188309737,0.04260196520684451,0.012423592324644309,0.012423592324644309
South Shields,North East,lab,lab,0.004160207272973516,0.9671164713734152,0.015219825845918937,0.006751747753846232,0.006751747753846232
South Shropshire,West Midlands,con,con,0.6440418324557637,0.16905126586789246,0.14690821336408766,0.01999934415612796,0.01999934415612796
South Suffolk,East of England,con,con,0.5418427743007951,0.2791408829182864,0.13206354215123492,0.023476400314841734,0.023476400314841734
South West Devon,South West,con,con,0.5231066111887835,0.3193143768331665,0.11452070088736044,0.021529155545344684,0.021529155545344684
South West Hertfordshire,East of England,con,lab,0.34484498814522563,0.34916292335405574,0.22575919401242392,0.04011644724414731,0.04011644724414731
South West Norfolk,East of England,lab,con,0.7300753631160725,0.17822391371913512,0.058997692773772335,0.01635151519551014,0.01635151519551014
South West Wiltshire,South West,con,con,0.38630313716113807,0.3650309435056119,0.19999956715899456,0.024333176087127716,0.024333176087127716
Southampton Itchen,South East,lab,lab,0.06196805816584023,0.8981610520095248,0.022831920369732587,0.008519484727451218,0.008519484727451218
Southampton Test,South East,lab,lab,0.006529324646351272,0.9720522427927291,0.013489424072249484,0.003964504244335027,0.003964504244335027
Southend East and Rochford,East of England,lab,lab,0.2742581268555787,0.6449798446897774,0.04850309175262038,0.01612946835101179,0.01612946835101179
Southend West and Leigh,East of England,lab,lab,0.3089375304599642,0.5724969601839145,0.08242602309494933,0.018069743130585996,0.018069743130585996
Southgate and Wood Green,London,lab,lab,0.001417405785245681,0.9875978939783301,0.007482777156062103,0.001750961540181074,0.001750961540181074
Southport,North West,lab,lab,0.08579136525894795,0.8244805069489024,0.06582559701519913,0.011951265388475213,0.011951265388475213
Spelthorne,South East,con,con,0.4065706928474893,0.370556435636106,0.17436690554149425,0.024252982987455134,0.024252982987455134
Spen Valley,Yorkshire and The Humber,lab,lab,0.08087834515023687,0.8377339349225177,0.04771201369417068,0.016837853116537294,0.016837853116537294
St Albans,East of England,lib,lib,0.009768062160073383,0.017432763169069953,0.9645198493624059,0.004139662654225444,0.004139662654225444
St Austell and Newquay,South West,lab,lab,0.27585778260923954,0.5717776480051818,0.10665418814759087,0.02285519061899387,0.02285519061899387
St Helens North,North West,lab,lab,0.002017586545423359,0.9835581421092133,0.008376692520173572,0.003023789412594863,0.003023789412594863
St Helens South and Whiston,North West,lab,lab,0.0006660340889438967,0.9911874916926753,0.004745095159269898,0.0017006895295555396,0.0017006895295555396
St Ives,South West,lib,lib,0.06719745797501758,0.046483311471498846,0.8648023041662837,0.010758463193599988,0.010758463193599988
St Neots and Mid Cambridgeshire,East of England,lib,lib,0.17722337619894651,0.25756174695498874,0.5201711858624911,0.022521845491786843,0.022521845491786843
Stafford,West Midlands,lab,lab,0.25589953730783144,0.6606008971870163,0.050040528481258915,0.0167295185119467,0.0167295185119467
Staffordshire Moorlands,West Midlands,con,con,0.4849140387016489,0.43079251542544433,0.05003312304965802,0.017130161411624396,0.017130161411624396
Stalybridge and Hyde,North West,lab,lab,0.012796309436188057,0.9598224698132487,0.015028371015767952,0.0061764248673976474,0.0061764248673976474
Stevenage,East of England,lab,lab,0.12782564936554985,0.7941830347974178,0.05091304475368655,0.013539135541672886,0.013539135541672886
Stockport,North West,lab,lab,0.001932519538372069,0.9837971701116055,0.009314568906558126,0.002477870721732196,0.002477870721732196
Stockton North,North East,lab,lab,0.010284298222045764,0.9670791311087074,0.01224726196906853,0.0051946543500890705,0.0051946543500890705
Stockton West,North East,con,lab,0.19033825835643714,0.7453136469945771,0.03553658993561015,0.014405752356687783,0.014405752356687783
Stoke-on-Trent Central,West Midlands,lab,lab,0.037933771956347465,0.9305605364846599,0.01685845662250269,0.00732361746824488,0.00732361746824488
Stoke-on-Trent North,West Midlands,lab,lab,0.1463517196362508,0.7948774877022442,0.030784743454906168,0.01399302460329945,0.01399302460329945
Stoke-on-Trent South,West Midlands,lab,lab,0.3849137294739569,0.536413847082507,0.046875923786536045,0.015898249828499994,0.015898249828499994
"Stone, Great Wyrley and Penkridge",West Midlands,con,con,0.6856709601814004,0.23569830034101566,0.047386599342112534,0.015622070067735647,0.015622070067735647
Stourbridge,West Midlands,lab,lab,0.3787851644030992,0.5399811501671824,0.047512760044211524,0.016860462692753424,0.016860462692753424
Stratford and Bow,London,lab,lab,9.932946513036882e-05,0.996959265927899,0.0019425154329310835,0.0004994445870196259,0.0004994445870196259
Stratford-on-Avon,West Midlands,lib,con,0.4235525825280154,0.11982642103482485,0.41238755713449543,0.022116719651332103,0.022116719651332103
Streatham and Croydon North,London,lab,lab,0.0005273832910113823,0.9803032363505856,0.015727332531513694,0.0017210239134447427,0.0017210239134447427
Stretford and Urmston,North West,lab,lab,0.0009988159656922776,0.9923506277215205,0.003913963235378122,0.0013682965387044877,0.0013682965387044877
Stroud,South West,lab,lab,0.037304326717930644,0.9296974900823574,0.016402319362526376,0.008297931918592806,0.008297931918592806
Suffolk Coastal,East of England,lab,lab,0.35450334555270635,0.3985245567691054,0.19313736953334065,0.026917364072423816,0.026917364072423816
Sunderland Central,North East,lab,lab,0.012782776789139765,0.9458738767816782,0.025350113647075928,0.007996616391053013,0.007996616391053013
Surrey Heath,South East,lib,lib,0.31808395924101507,0.09337200861905948,0.5465927351119537,0.02097564851398586,0.02097564851398586
Sussex Weald,South East,con,con,0.5991096787442594,0.16960072879041227,0.18730265717570027,0.021993467644814076,0.021993467644814076
Sutton and Cheam,London,lib,lib,0.11321148689705564,0.11902174065507254,0.7349561566586978,0.016405307894586912,0.016405307894586912
Sutton Coldfield,West Midlands,con,con,0.43183772599808534,0.4063321869174049,0.11766571672392687,0.022082185180291425,0.022082185180291425
Swindon North,South West,lab,lab,0.27604054772044306,0.630380687640301,0.05945057402064556,0.017064095309305128,0.017064095309305128
Swindon South,South West,lab,lab,0.07340551875494211,0.8778385178012,0.030687264513896383,0.009034349464980808,0.009034349464980808
Tamworth,West Midlands,lab,con,0.6195227396199612,0.3015024803498355,0.0452993198694343,0.01683773008038448,0.01683773008038448
Tatton,North West,con,lab,0.35103556695166566,0.40441484076615,0.19552703578637393,0.024511278247905166,0.024511278247905166
Taunton and Wellington,South West,lib,lib,0.11404123001246136,0.05196009841291696,0.8069305954708482,0.013534038051886767,0.013534038051886767
Telford,West Midlands,lab,lab,0.23046731455771852,0.704900167257397,0.03851405854610463,0.013059229819389919,0.013059229819389919
Tewkesbury,South West,lib,con,0.3868023123099989,0.20826909669119895,0.3551384286275552,0.024895081185623575,0.024895081185623575
The Wrekin,West Midlands,con,con,0.5424535282386946,0.3578719194693206,0.06362604704035466,0.018024252625815074,0.018024252625815074
Thirsk and Malton,Yorkshire and The Humber,con,con,0.5751776807722675,0.2461826005236059,0.13096304376736453,0.023838337468380974,0.023838337468380974
Thornbury and Yate,South West,lib,lib,0.25489630575726885,0.06592520582849724,0.6475976739650643,0.015790407224584833,0.015790407224584833
Thurrock,East of England,lab,lab,0.26676836242038504,0.673581946736764,0.03098910952228266,0.014330290660284238,0.014330290660284238
Tipton and Wednesbury,West Midlands,lab,lab,0.07990427930279516,0.8752858735258046,0.02327445369701441,0.010767696737192922,0.010767696737192922
Tiverton and Minehead,South West,lib,con,0.5124289957788956,0.1742763909377269,0.26547945841274895,0.02390757743531433,0.02390757743531433
Tonbridge,South East,con,con,0.6644577790926606,0.1729493322277248,0.1186562301246288,0.02196832927749292,0.02196832927749292
Tooting,London,lab,lab,0.0022514211167363267,0.9731974204337815,0.018803035807601814,0.0028740613209400417,0.0028740613209400417
Torbay,South West,lib,lib,0.39481672576360827,0.1472851506074527,0.41178265900465527,0.0230577323121419,0.0230577323121419
Torridge and Tavistock,South West,con,con,0.4575497351707027,0.25739740810558337,0.23551824907422678,0.024767303824743556,0.024767303824743556
Tottenham,London,lab,lab,3.3909531746056147e-05,0.9988583775267401,0.0006279601625131785,0.00023987638950048325,0.00023987638950048325
Truro and Falmouth,South West,lab,lab,0.052620748998335305,0.877655410498269,0.048828351682778534,0.010447744410308617,0.010447744410308617
Tunbridge Wells,South East,lib,lib,0.23999880804700358,0.15972107183542567,0.5586346985168643,0.02082271080035321,0.02082271080035321
Twickenham,London,lib,lib,0.003081925517871131,0.009301341674397334,0.9831255973758022,0.0022455677159645662,0.0022455677159645662
Tynemouth,North East,lab,lab,0.01338318132347915,0.9603979497363001,0.015924852753489496,0.005147008093365678,0.005147008093365678
Uxbridge and South Ruislip,London,lab,lab,0.10635031217024139,0.8335091775440994,0.03641815043196642,0.01186117992684639,0.01186117992684639
Vauxhall and Camberwell Green,London,lab,lab,0.00026602573671734,0.9828633681488878,0.014198086348680068,0.0013362598828574035,0.0013362598828574035
Wakefield and Rothwell,Yorkshire and The Humber,lab,lab,0.040745392638232174,0.893096738888071,0.046442829397915546,0.00985751953789074,0.00985751953789074
Wallasey,North West,lab,lab,0.000610892431185734,0.9951373292814871,0.0022900705446987886,0.000980853871314336,0.000980853871314336
Walsall and Bloxwich,West Midlands,lab,lab,0.04028567509032573,0.9337236205615366,0.01337249787613324,0.006309103236002273,0.006309103236002273
Walthamstow,London,lab,lab,4.5006516915983225e-05,0.9985742949890015,0.0008130972257716842,0.00028380063415539797,0.00028380063415539797
Warrington North,North West,lab,lab,0.018313877277054684,0.9485829407235996,0.01998649319722442,0.006558344401060616,0.006558344401060616
Warrington South,North West,lab,lab,0.0248187031830563,0.9399827890457759,0.022568466428842106,0.006315020671162797,0.006315020671162797
Warwick and Leamington,West Midlands,lab,lab,0.019927823423487367,0.9328871626923886,0.03310844973636166,0.007038282073881183,0.007038282073881183
Washington and Gateshead South,North East,lab,lab,0.009995400254248086,0.9562577107397459,0.01903409004246457,0.007356399481770705,0.007356399481770705
Watford,East of England,lab,lab,0.03008752730131502,0.8602335709796017,0.09030445747475069,0.009687222122166219,0.009687222122166219
Waveney Valley,East of England,oth,con,0.577476349964847,0.2758255291702204,0.09738846756044997,0.024654826652241398,0.024654826652241398
Weald of Kent,South East,con,con,0.8220614786645863,0.09402572545217962,0.05745525640874857,0.013228769737242699,0.013228769737242699
Wellingborough and Rushden,East Midlands,lab,lab,0.4079521823024363,0.5048475504106597,0.052880052002522215,0.017160107642190954,0.017160107642190954
Wells and Mendip Hills,South West,lib,lib,0.23506340892730104,0.09425897422147828,0.633819373892838,0.01842912147919131,0.01842912147919131
Welwyn Hatfield,East of England,lab,lab,0.1529786128323309,0.7153009492941649,0.09721363096159205,0.01725340345595607,0.01725340345595607
West Bromwich,West Midlands,lab,lab,0.04156070498956294,0.925004003204047,0.017716319508356067,0.007859486149017136,0.007859486149017136
West Dorset,South West,lib,lib,0.17886490754676063,0.07506645219363928,0.712302389864627,0.01688312519748668,0.01688312519748668
West Ham and Beckton,London,lab,lab,0.00011731124784783506,0.997500048803533,0.0014097041269294911,0.0004864679108448533,0.0004864679108448533
West Lancashire,North West,lab,lab,0.0053819082242814445,0.98062854237326,0.007867836276023847,0.0030608565632172513,0.0030608565632172513
West Suffolk,East of England,con,con,0.5692456604525747,0.31467143081727056,0.07676759671099848,0.01965765600957809,0.01965765600957809
West Worcestershire,West Midlands,con,con,0.4923560219558063,0.22231829420303534,0.23636347967990665,0.02448110208062585,0.02448110208062585
Westmorland and Lonsdale,North West,lib,lib,0.06698448540452671,0.03320601444439105,0.8807410391906068,0.009534230480237778,0.009534230480237778
Weston-super-Mare,South West,lab,lab,0.28092230469166474,0.5775421757733149,0.10172368908930053,0.01990591522285985,0.01990591522285985
Wetherby and Easingwold,Yorkshire and The Humber,con,con,0.723288475907024,0.18353503525623802,0.05922120691871196,0.016977640959013062,0.016977640959013062
Whitehaven and Workington,North West,lab,lab,0.03849703951735865,0.9331406863545096,0.015316199120347705,0.006523037503891996,0.006523037503891996
Widnes and Halewood,North West,lab,lab,0.00027777737905957365,0.996682989672357,0.0015520891013923008,0.0007435719235955672,0.0007435719235955672
Wigan,North West,lab,lab,0.0058181144619950725,0.969662787863689,0.014108084407408177,0.00520550663345389,0.00520550663345389
Wimbledon,London,lib,lib,0.02724003623418338,0.15307545159153704,0.7977585024310317,0.010963004871624027,0.010963004871624027
Winchester,South East,lib,lib,0.10307235141867264,0.027983569059345348,0.8489853191618281,0.009979380180076946,0.009979380180076946
Windsor,South East,con,con,0.33796539569431966,0.3296593493720885,0.27891018775001164,0.026732533591790102,0.026732533591790102
Wirral West,North West,lab,lab,0.02336068862139184,0.9481315630454523,0.01662974397694801,0.005939002178103887,0.005939002178103887
Witham,East of England,con,con,0.6933752778916036,0.18818539399480225,0.08084044448166403,0.018799441815965098,0.018799441815965098
Witney,South East,lib,lib,0.3305519744867413,0.17363608493040478,0.45308779685777817,0.021362071862537812,0.021362071862537812
Woking,South East,lib,lib,0.11086868377561535,0.17728413145261016,0.6736637394901025,0.01909172264083598,0.01909172264083598
Wokingham,South East,lib,lib,0.204044478915306,0.07966021207528984,0.6821870012428163,0.017054153883293954,0.017054153883293954
Wolverhampton North East,West Midlands,lab,lab,0.15389022919888523,0.7924477610096452,0.02846194587199068,0.01260003195973951,0.01260003195973951
Wolverhampton South East,West Midlands,lab,lab,0.013864789106786214,0.9652369396411233,0.01121044328632382,0.0048439139828832176,0.0048439139828832176
Wolverhampton West,West Midlands,lab,lab,0.0303133203509835,0.9443365028264797,0.013944964050253573,0.005702606386141599,0.005702606386141599
Worcester,West Midlands,lab,lab,0.08605528954104594,0.8536247781159355,0.03733504399879426,0.011492444172112122,0.011492444172112122
Worsley and Eccles,North West,lab,lab,0.011581387359787787,0.9637574041964683,0.014111117800394644,0.005275045321674601,0.005275045321674601
Worthing West,South East,lab,lab,0.24099848252837108,0.6391673878794621,0.08156222685120798,0.019135951370479385,0.019135951370479385
Wycombe,South East,lab,lab,0.03310992196574458,0.900980784720728,0.04682051241623675,0.009544390448645407,0.009544390448645407
Wyre Forest,West Midlands,con,con,0.5822708655628519,0.3154841617482609,0.06535690889230915,0.0184440318982891,0.0184440318982891
Wythenshawe and Sale East,North West,lab,lab,0.002575375055483186,0.9832972962895209,0.008659874129568526,0.0027337272627137297,0.0027337272627137297
Yeovil,South West,lib,lib,0.2770785190809878,0.058143701851168794,0.6293029888834688,0.017737395092187285,0.017737395092187285
York Central,Yorkshire and The Humber,lab,lab,0.001507383927847776,0.9875149009500451,0.006953806878065988,0.0020119541220204678,0.0020119541220204678
York Outer,Yorkshire and The Humber,lab,lab,0.1241068042769214,0.6481245312350766,0.1905113420937367,0.018628661197132555,0.018628661197132555
East Renfrewshire,Scotland,lab,lab,0.18192021376328157,0.3519198214847817,0.09795469492071901,0.3237938424140254,0.04441144418099862
Na h-Eileanan an Iar,Scotland,lab,lab,0.07345281560644736,0.5910841818804987,0.054872814938330336,0.25128127390791866,0.029308949988385357
Midlothian,Scotland,lab,lab,0.06723669670877473,0.6324669313193428,0.054224442003421025,0.21807974133712424,0.027992227746885267
North Ayrshire and Arran,Scotland,lab,lab,0.1543099634286906,0.3863346440558938,0.08629553213496675,0.3311412238055598,0.041918644956792206
Orkney and Shetland,Scotland,lib,lab,0.13413586372221428,0.40034822702292544,0.2903121760322164,0.13251524866015404,0.042688506914231705
Aberdeen North,Scotland,natSW,lab,0.13973172639530795,0.3950462005676764,0.08401642835587292,0.34025590359422253,0.040949774614532856
Aberdeen South,Scotland,natSW,natSW,0.1944021759657499,0.3247655661149907,0.1058203514730043,0.3292664020409153,0.0457455099932753
Aberdeenshire North and Moray East,Scotland,natSW,con,0.38486846784451517,0.1825413859349807,0.10052829005855031,0.2920814449288901,0.03998040564512825
Airdrie and Shotts,Scotland,lab,lab,0.04781908480711146,0.6828318267188733,0.03954354551084936,0.20791309233007546,0.02189246180896125
Alloa and Grangemouth,Scotland,lab,lab,0.13028900177755884,0.41591488183272607,0.07900367314671218,0.3352701189970332,0.0395223521856469
Angus and Perthshire Glens,Scotland,natSW,natSW,0.23283890795458687,0.2709276499370853,0.1042128036486432,0.3462321973447861,0.04578844949680171
Arbroath and Broughty Ferry,Scotland,natSW,lab,0.16795469303693467,0.3537029149805522,0.09292475960933143,0.3420983506462575,0.04331925378724703
"Argyll, Bute and South Lochaber",Scotland,natSW,natSW,0.2059969977010695,0.3069178419230903,0.11585493764343127,0.32436075341816384,0.046869455344406494
Bathgate and Linlithgow,Scotland,lab,lab,0.1146617965577651,0.4745641415594024,0.0797708496201933,0.29219450086482385,0.03880875051336348
"Caithness, Sutherland and Easter Ross",Scotland,lib,lab,0.15565295323140504,0.3661032596743471,0.20947277349364957,0.22374341788745894,0.04502763482868752
Coatbridge and Bellshill,Scotland,lab,lab,0.03396502305991445,0.7218404075813784,0.030277812680021034,0.19675425120370163,0.017162492902129782
Cowdenbeath and Kirkcaldy,Scotland,lab,lab,0.06436548165391594,0.6719415080352255,0.05392609191378217,0.18239845490150977,0.02736849981714713
Cumbernauld and Kirkintilloch,Scotland,lab,lab,0.0651529148749945,0.5745683230425663,0.050095203751511004,0.28263914408648727,0.02754439748063457
Dumfries and Galloway,Scotland,con,natSW,0.2931370810009578,0.2565143822766276,0.1070042147045938,0.29887297376477373,0.04447137619272436
"Dumfriesshire, Clydesdale and Tweeddale",Scotland,con,con,0.34809273097064536,0.22507478074372692,0.10907022576788455,0.2740811313295981,0.04368115912782232
Dundee Central,Scotland,natSW,lab,0.0660259197752191,0.5517931028597383,0.050421674637119336,0.3036640515182616,0.028095287531242186
Dunfermline and Dollar,Scotland,lab,lab,0.08869975381400658,0.5373446883637448,0.06731059796303836,0.2727920845202221,0.0338528697510527
East Kilbride and Strathaven,Scotland,lab,lab,0.09453530512185979,0.5082267491823763,0.0677217742861325,0.2946933954363223,0.034822798325050856
Edinburgh East and Musselburgh,Scotland,lab,lab,0.06397873183024479,0.5846997788821237,0.05123698184022765,0.27237141241848695,0.0277131481143037
Edinburgh North and Leith,Scotland,lab,lab,0.08630685820356895,0.5338775250876675,0.07242043549796463,0.273198974170747,0.0341962685073418
Edinburgh South,Scotland,lab,lab,0.010132408028015478,0.9439177131855179,0.01278355212274735,0.026971974195431313,0.006194342689400989
Edinburgh South West,Scotland,lab,lab,0.1323998986748683,0.41779164460751106,0.08550517563550221,0.3232424540023391,0.041060849431521225
Edinburgh West,Scotland,lib,lab,0.1566544220764715,0.3710164214609084,0.2684273352714156,0.15843299506458164,0.045468823332655124
Falkirk,Scotland,lab,lab,0.14394949566268506,0.39082735793023704,0.08483345760032993,0.3390675021829536,0.0413221586841171
Glasgow East,Scotland,lab,lab,0.04132661760254981,0.6767922174432478,0.03572088976025839,0.22616533822988513,0.019994969094687735
Glasgow North,Scotland,lab,lab,0.034459133555036305,0.7049758447879355,0.03209566903473859,0.2106259268077307,0.017843498457719677
Glasgow North East,Scotland,lab,lab,0.030993220430213356,0.7367890865027362,0.028208393020162724,0.1880115208034631,0.0159977960072309
Glasgow South,Scotland,lab,lab,0.05180738674378946,0.6308574598068367,0.04350551591665103,0.2499605449867565,0.023869095339933994
Glasgow South West,Scotland,lab,lab,0.03984589167208548,0.6941427222192166,0.035134783707419806,0.2113488632268423,0.01952771402872634
Glasgow West,Scotland,lab,lab,0.0631399999899267,0.5948968097468248,0.05079600492450357,0.26388357224540376,0.027283638239050653
Glenrothes and Mid Fife,Scotland,lab,lab,0.0627434429010129,0.5908476841417862,0.04871341178939382,0.2708083607868165,0.026887080823216447
Gordon and Buchan,Scotland,con,con,0.3653663100104818,0.19079277894603225,0.11945892818785132,0.280404960937376,0.04397702191825864
Hamilton and Clyde Valley,Scotland,lab,lab,0.08504943409640875,0.5698036117866208,0.06055952043711979,0.2527392211901506,0.03184824042937743
Inverclyde and Renfrewshire West,Scotland,lab,lab,0.06667431337178961,0.5930633298269393,0.05217616575720261,0.26009512420138237,0.0279910528728474
"Inverness, Skye and West Ross-shire",Scotland,lib,lab,0.14946577126732688,0.376859769893792,0.09836265971434509,0.3318701683679179,0.043441625168682683
Livingston,Scotland,lab,lab,0.09438725706783427,0.5099133507747106,0.06685849664067055,0.2942319728561964,0.03460894780629771
Lothian East,Scotland,lab,lab,0.07447506751085683,0.6688754291625078,0.05789914462062451,0.1697591678420364,0.028991202039845478
Mid Dunbartonshire,Scotland,lib,lab,0.136799599365981,0.40287531259292464,0.21215281053846077,0.20514348076155361,0.04302881350488636
"Moray West, Nairn and Strathspey",Scotland,natSW,natSW,0.24430489435983857,0.2675080335591965,0.10717130704336447,0.33469947572112924,0.04631632843201941
"Motherwell, Wishaw and Carluke",Scotland,lab,lab,0.07348971832861943,0.5829199700707584,0.054661793725427114,0.2595392294370178,0.02938926888040323
North East Fife,Scotland,lib,lab,0.1447128910840119,0.3782003532208961,0.23314740986369512,0.2006401089182728,0.04329926764676903
Paisley and Renfrewshire North,Scotland,lab,lab,0.08423670605050211,0.5301285640679565,0.06242509174894951,0.2906203051532319,0.03258930224571508
Paisley and Renfrewshire South,Scotland,lab,lab,0.07459347429920388,0.5560264321287274,0.05605457434476913,0.2832652658370275,0.030060200304885452
Perth and Kinross-shire,Scotland,natSW,natSW,0.24535966618786242,0.26626667814636895,0.11041049518488985,0.33115253431087666,0.04681065410967938
Rutherglen,Scotland,lab,lab,0.054236111192524715,0.6616590076412887,0.046503918366304256,0.21312624526765522,0.02447472870809803
Stirling and Strathallan,Scotland,lab,natSW,0.19474608713671895,0.3183005901807575,0.0979727181922683,0.3441496393778789,0.044830889675247794
West Dunbartonshire,Scotland,lab,lab,0.05703110121276863,0.6090228151518913,0.04520771512402443,0.2635818630831275,0.025156460724704673
"Ayr, Carrick and Cumnock",Scotland,lab,lab,0.19412655168000353,0.34811429297674945,0.09647813818928586,0.31690461359155264,0.04437638400463444
"Berwickshire, Roxburgh and Selkirk",Scotland,con,con,0.39851693593298065,0.18286993082779857,0.10764277772020567,0.26970368969199143,0.041266665827023645
Central Ayrshire,Scotland,lab,lab,0.17197348705802834,0.36828511236512174,0.09169185262845077,0.3248409742481341,0.0432085876701036
Kilmarnock and Loudoun,Scotland,lab,lab,0.11351534740865425,0.45580462684845996,0.07308853481856308,0.3201386670679145,0.03745283503227908
West Aberdeenshire and Kincardine,Scotland,con,con,0.30713480266938986,0.2228997013586533,0.12199077315918841,0.3018302184155158,0.046144546306768425
Aberafan Maesteg,Wales,lab,lab,0.0012693383376461591,0.9824380681112965,0.006492514723866952,0.006964154939714718,0.0028359238874756266
Alyn and Deeside,Wales,lab,lab,0.023159010090488312,0.9374367094196098,0.021387867483583175,0.01052593728892484,0.007490475717393898
Bangor Aberconwy,Wales,lab,lab,0.027462250492964007,0.8803663153727428,0.026617371430950207,0.054737402554649164,0.010816660148693898
Blaenau Gwent and Rhymney,Wales,lab,lab,0.0012022954535020702,0.9798991356092592,0.008367256802485457,0.006891444171752979,0.0036398679630003043
"Brecon, Radnor and Cwm Tawe",Wales,lib,lib,0.10539081722341419,0.2151900616340147,0.6284639834672766,0.029565067394087347,0.021390070281207183
Bridgend,Wales,lab,lab,0.04152261866172086,0.8995604388906248,0.029384035551470164,0.01853950454768245,0.010993402348501834
Caerfyrddin,Wales,natSW,natSW,0.048696549820394314,0.4457596110474421,0.03742835580126934,0.44729690074127526,0.020818582589618922
Caerphilly,Wales,lab,lab,0.005472979612300374,0.9469880014496947,0.01144839549415368,0.02934965779090779,0.006740965652943533
Cardiff East,Wales,lab,lab,0.0006856106029753354,0.9879689690994741,0.008209736804919498,0.0016170918521466089,0.0015185916404842957
Cardiff North,Wales,lab,lab,0.006500740650182657,0.972141191465708,0.011913358436916995,0.005529202082201138,0.003915507364991369
Cardiff South and Penarth,Wales,lab,lab,0.0024969015578663696,0.9824952630286047,0.00838638735209772,0.003988209749817388,0.002633238311613943
Cardiff West,Wales,lab,lab,0.0034178798804492517,0.9742388280067125,0.009952257327258832,0.008682760781163253,0.003708274004416397
Ceredigion Preseli,Wales,natSW,natSW,0.01753021655106692,0.31024037122135184,0.15229249237046827,0.4976407601849511,0.022296159672161874
Clwyd East,Wales,lab,lab,0.06368753147232663,0.8764374524031432,0.030529442529021063,0.018029135077187505,0.011316438518321346
Clwyd North,Wales,lab,lab,0.04205338747640214,0.9056382805677243,0.02388919711327257,0.01913953021533368,0.00927960462726736
Dwyfor Meirionnydd,Wales,natSW,natSW,0.005445430359161319,0.14586706989315773,0.013683469417211137,0.8264827040933981,0.008521326237071834
Gower,Wales,lab,lab,0.014191505453856631,0.9547635461445197,0.016044353322928074,0.009356391079724535,0.005644203998971128
Llanelli,Wales,lab,lab,0.009364721185468093,0.8316165020385502,0.07213565367116213,0.0775243719020785,0.009358751202741083
Merthyr Tydfil and Aberdare,Wales,lab,lab,0.0011685417710334692,0.9813684330888184,0.007046740951642212,0.007220225401953864,0.003196058786552035
Mid and South Pembrokeshire,Wales,lab,lab,0.10680251534905012,0.8329345055076363,0.029004220673406793,0.019681551163561507,0.011577207306345476
Monmouthshire,Wales,lab,lab,0.1522885271586566,0.7338942631266875,0.0733634634240355,0.022669042929121988,0.017784703361498372
Montgomeryshire and Glyndŵr,Wales,lab,lab,0.23988665321784297,0.502242650056102,0.20431081661346484,0.0294356838019139,0.02412419631067625
Neath and Swansea East,Wales,lab,lab,0.0039233347247403655,0.967360591725534,0.011961755263374728,0.011745330846521374,0.005008987439829413
Newport East,Wales,lab,lab,0.008357300778762913,0.9671601892582237,0.01344985685527472,0.006227373166125513,0.004805279941613273
Newport West and Islwyn,Wales,lab,lab,0.01663721343201924,0.940263631871561,0.021731644952330435,0.013110382308573162,0.008257127435515998
Pontypridd,Wales,lab,lab,0.003745690253457663,0.9659733533944084,0.00951250134877969,0.015538345512957985,0.005230109490396443
Rhondda and Ogmore,Wales,lab,lab,0.00044389978256732625,0.9864333677271436,0.004037602941969678,0.007051270001326835,0.0020338595469924768
Swansea West,Wales,lab,lab,0.0026982023029604395,0.9781928840738934,0.009888632342757504,0.0059259067135634825,0.0032943745668251173
Torfaen,Wales,lab,lab,0.009899737815276194,0.9518825063862203,0.019722393679246556,0.010892554724858098,0.007602807394398816
Vale of Glamorgan,Wales,lab,lab,0.04009870101057736,0.8981414531111082,0.0490361264863941,0.006361859695960124,0.006361859695960124
Wrexham,Wales,lab,lab,0.05463120054915263,0.8862181100671718,0.027058803354275646,0.02092610364277619,0.01116578238662363
Ynys Môn,Wales,natSW,lab,0.025673386702878817,0.5607635036607215,0.1226083685521196,0.27504774976644875,0.01590699131783142
Chorley,North West,oth,lab,0.024773529837439526,0.8642613080600755,0.0881041985623101,0.011430481770087424,0.011430481770087424
